2,0,1.8e-07
3,0,1.5e-07
4,0,1.6e-07
5,0,1.8e-07
6,0,1.6e-07
7,0,1.6e-07
8,0,1.6e-07
9,0,1.3e-07
10,0,2.2e-07
11,0,1.7e-07
12,0,1.9e-07
13,0,1.9e-07
14,0,1.6e-07
15,0,2e-07
16,0,2.2e-07
17,0,1.7e-07
18,0,2.1e-07
19,0,1.9e-07
20,0,2.1e-07
21,0,2.1e-07
22,0,2.3e-07
23,0,2.4e-07
24,0,2.1e-07
25,0,2.1e-07
26,0,3.3e-07
27,0,2.5e-07
28,0,2.8e-07
29,0,2.6e-07
30,0,2.6e-07
31,0,2.5e-07
32,0,2.2e-07
33,0,2.8e-07
34,0,2.1e-07
35,0,3.1e-07
36,0,2e-08
37,0,2.7e-07
38,0,2.6e-07
39,0,2.5e-07
40,0,2.7e-07
41,0,2.7e-07
42,0,3.2e-07
43,0,2.8e-07
44,0,3e-07
45,0,3e-07
46,0,2.7e-07
47,0,3.6e-07
48,0,3e-07
49,0,3e-07
50,0,3.3e-07
51,0,3.2e-07
52,0,3.2e-07
53,0,3e-07
54,0,3.3e-07
55,0,3.1e-07
56,0,3.1e-07
57,0,3.2e-07
58,0,3.1e-07
59,0,3.4e-07
60,0,3.2e-07
61,0,3.5e-07
62,0,3.4e-07
63,0,3.3e-07
64,0,2.8e-07
65,0,3.4e-07
66,0,3.5e-07
67,0,3.7e-07
68,0,3.4e-07
69,0,3.8e-07
70,0,3.9e-07
71,0,3.6e-07
72,0,3.6e-07
73,0,3.5e-07
74,0,3.6e-07
75,0,3.9e-07
76,0,3.8e-07
77,0,3.7e-07
78,0,3.3e-07
79,0,3.7e-07
80,0,3.7e-07
81,0,4e-07
82,0,3.9e-07
83,0,4.2e-07
84,0,4.1e-07
85,0,4.1e-07
86,0,4e-07
87,0,4.1e-07
88,0,3.8e-07
89,0,4.4e-07
90,0,4.2e-07
91,0,4.9e-07
92,0,4.9e-07
93,0,3.8e-07
94,0,4.3e-07
95,0,4.2e-07
96,0,4.1e-07
97,0,4.4e-07
98,0,4.4e-07
99,0,4.5e-07
100,0,4.7e-07
101,0,4.1e-07
102,0,4.4e-07
103,0,4e-07
104,0,4.5e-07
105,0,4.4e-07
106,0,4.3e-07
107,0,4.4e-07
108,0,4.8e-07
109,0,4.8e-07
110,0,3.8e-07
111,0,4.4e-07
112,0,5e-07
113,0,4.7e-07
114,0,4.5e-07
115,0,4.8e-07
116,0,4.9e-07
117,0,5.1e-07
118,0,5.1e-07
119,0,5.2e-07
120,0,5e-07
121,0,5.1e-07
122,0,5e-07
123,0,4.9e-07
124,0,5e-07
125,0,6.2e-07
126,0,5.3e-07
127,0,5.6e-07
128,0,5e-07
129,0,5.6e-07
130,0,5.2e-07
131,0,5e-07
132,0,5e-07
133,0,5.5e-07
134,0,5.2e-07
135,0,5.7e-07
136,0,5.6e-07
137,0,5.6e-07
138,0,5.6e-07
139,0,5.5e-07
140,0,5.5e-07
141,0,5.4e-07
142,0,5e-07
143,0,5.5e-07
144,0,5.6e-07
145,0,4.5e-07
146,0,4.9e-07
147,0,9.9e-07
148,0,4.7e-07
149,0,6.6e-07
150,0,5.9e-07
151,0,6.1e-07
152,0,5.5e-07
153,0,6.3e-07
154,0,6.1e-07
155,0,6.1e-07
156,0,6.3e-07
157,0,6.4e-07
158,0,6.6e-07
159,0,6.5e-07
160,0,5.8e-07
161,0,6e-07
162,0,6.2e-07
163,0,6.1e-07
164,0,6.3e-07
165,0,6.5e-07
166,0,6.1e-07
167,0,6.3e-07
168,0,7.5e-07
169,0,7.3e-07
170,0,7e-07
171,0,8.3e-07
172,0,8.4e-07
173,0,7.9e-07
174,0,7.9e-07
175,0,8.2e-07
176,0,7.4e-07
177,0,7.9e-07
178,0,7.3e-07
179,0,8.8e-07
180,0,7.6e-07
181,0,7.9e-07
182,0,7.6e-07
183,0,8.6e-07
184,0,8.4e-07
185,0,7.5e-07
186,0,8.3e-07
187,0,7.9e-07
188,0,8.4e-07
189,0,7e-07
190,0,9.2e-07
191,0,7.8e-07
192,0,7.7e-07
193,0,8e-07
194,0,9.9e-07
195,0,7.6e-07
196,0,7.9e-07
197,0,8.8e-07
198,0,7.7e-07
199,0,8e-07
200,0,8.6e-07
201,0,8e-07
202,0,8.9e-07
203,0,9.4e-07
204,0,8.1e-07
205,0,8.7e-07
206,0,8.7e-07
207,0,9.5e-07
208,0,8.8e-07
209,0,8.1e-07
210,0,8.4e-07
211,0,9e-07
212,0,8.6e-07
213,0,8.3e-07
214,0,8.1e-07
215,0,9.6e-07
216,0,8.4e-07
217,0,9.5e-07
218,0,9.5e-07
219,0,8.5e-07
220,0,9e-07
221,0,9e-07
222,0,8.7e-07
223,0,8.4e-07
224,0,1e-06
225,0,8.5e-07
226,0,8.8e-07
227,0,8.3e-07
228,0,1e-06
229,0,8.7e-07
230,0,8.5e-07
231,0,1.02e-06
232,0,1.04e-06
233,0,9.4e-07
234,0,9.2e-07
235,0,8.7e-07
236,0,1.07e-06
237,0,8.9e-07
238,0,9.2e-07
239,0,8.7e-07
240,0,9.6e-07
241,0,1.06e-06
242,0,9.4e-07
243,0,9.6e-07
244,0,9.8e-07
245,0,1.01e-06
246,0,8.9e-07
247,0,8.9e-07
248,0,1.09e-06
249,0,9.4e-07
250,0,9.8e-07
251,0,9.6e-07
252,0,1e-06
253,0,9.2e-07
254,0,9.6e-07
255,0,1.04e-06
256,0,9.4e-07
257,0,1.07e-06
258,0,1.16e-06
259,0,1.04e-06
260,0,9.5e-07
261,0,1.01e-06
262,0,1.02e-06
263,0,1.06e-06
264,0,1.06e-06
265,0,9.8e-07
266,0,9.9e-07
267,0,1.03e-06
268,0,1.11e-06
269,0,1.01e-06
270,0,1.05e-06
271,0,1.06e-06
272,0,1e-06
273,0,1.01e-06
274,0,1.16e-06
275,0,1.05e-06
276,0,1.13e-06
277,0,1.01e-06
278,0,1.03e-06
279,0,9.7e-07
280,0,1.1e-06
281,0,9.9e-07
282,0,1.12e-06
283,0,1.04e-06
284,0,1.01e-06
285,0,1.16e-06
286,0,1.02e-06
287,0,1.06e-06
288,0,1.14e-06
289,0,1.08e-06
290,0,1.22e-06
291,0,1.05e-06
292,0,1.18e-06
293,0,1.07e-06
294,0,1.05e-06
295,0,1.04e-06
296,0,1.17e-06
297,0,1.09e-06
298,0,1.18e-06
299,0,1.39e-06
300,0,1.38e-06
301,0,1.33e-06
302,0,1.33e-06
303,0,1.37e-06
304,0,1.37e-06
305,0,1.29e-06
306,0,1.39e-06
307,0,1.05e-06
308,0,1.06e-06
309,0,1.17e-06
310,0,1.15e-06
311,0,1.08e-06
312,0,1.17e-06
313,0,1.11e-06
314,0,1.15e-06
315,0,1.52e-06
316,0,1.45e-06
317,0,1.69e-06
318,0,1.56e-06
319,0,1.5e-06
320,0,1.3e-06
321,0,1.5e-06
322,0,1.47e-06
323,0,1.29e-06
324,0,1.41e-06
325,0,1.34e-06
326,0,1.27e-06
327,0,1.29e-06
328,0,1.58e-06
329,0,1.69e-06
330,0,1.61e-06
331,0,1.33e-06
332,0,1.09e-06
333,0,1.07e-06
334,0,1.09e-06
335,0,1.17e-06
336,0,1.22e-06
337,0,1.34e-06
338,0,1.47e-06
339,0,1.67e-06
340,0,1.53e-06
341,0,1.24e-06
342,0,1.19e-06
343,0,1.54e-06
344,0,1.65e-06
345,0,1.21e-06
346,0,1.24e-06
347,0,1.45e-06
348,0,1.73e-06
349,0,1.63e-06
350,0,1.2e-06
351,0,1.18e-06
352,0,1.18e-06
353,0,1.15e-06
354,0,1.2e-06
355,0,1.39e-06
356,0,1.15e-06
357,0,1.22e-06
358,0,1.23e-06
359,0,1.2e-06
360,0,1.26e-06
361,0,1.23e-06
362,0,1.25e-06
363,0,1.31e-06
364,0,1.27e-06
365,0,1.31e-06
366,0,1.27e-06
367,0,1.65e-06
368,0,1.69e-06
369,0,1.75e-06
370,0,1.4e-06
371,0,1.49e-06
372,0,1.38e-06
373,0,1.44e-06
374,0,1.46e-06
375,0,1.47e-06
376,0,1.52e-06
377,0,1.49e-06
378,0,1.46e-06
379,0,1.53e-06
380,0,1.49e-06
381,0,1.54e-06
382,0,1.7e-06
383,0,1.68e-06
384,0,1.61e-06
385,0,1.93e-06
386,0,1.8e-06
387,0,1.52e-06
388,0,1.57e-06
389,0,1.61e-06
390,0,1.67e-06
391,0,1.41e-06
392,0,1.57e-06
393,0,1.53e-06
394,0,1.59e-06
395,0,1.63e-06
396,0,1.58e-06
397,0,1.54e-06
398,0,1.59e-06
399,0,1.97e-06
400,0,2.06e-06
401,0,1.77e-06
402,0,1.62e-06
403,0,1.77e-06
404,0,1.72e-06
405,0,1.65e-06
406,0,1.72e-06
407,0,1.74e-06
408,0,1.64e-06
409,0,1.67e-06
410,0,1.58e-06
411,0,1.46e-06
412,0,1.72e-06
413,0,1.59e-06
414,0,2.1e-06
415,0,2.11e-06
416,0,2.04e-06
417,0,1.65e-06
418,0,1.71e-06
419,0,1.65e-06
420,0,1.6e-06
421,0,1.79e-06
422,0,1.55e-06
423,0,1.59e-06
424,0,1.57e-06
425,0,1.6e-06
426,0,1.61e-06
427,0,1.53e-06
428,0,2.01e-06
429,0,2.02e-06
430,0,1.9e-06
431,0,1.97e-06
432,0,1.72e-06
433,0,1.65e-06
434,0,1.67e-06
435,0,1.62e-06
436,0,1.66e-06
437,0,1.77e-06
438,0,1.98e-06
439,0,2.04e-06
440,0,1.94e-06
441,0,1.85e-06
442,0,1.77e-06
443,0,2.22e-06
444,0,2.33e-06
445,0,1.96e-06
446,0,2.04e-06
447,0,1.94e-06
448,0,1.92e-06
449,0,2.02e-06
450,0,1.96e-06
451,0,1.94e-06
452,0,1.88e-06
453,0,1.96e-06
454,0,1.84e-06
455,0,2.27e-06
456,0,2.27e-06
457,0,2.25e-06
458,0,1.93e-06
459,0,2.28e-06
460,0,2.43e-06
461,0,2.36e-06
462,0,2.39e-06
463,0,2.52e-06
464,0,2.02e-06
465,0,1.92e-06
466,0,2.32e-06
467,0,2.47e-06
468,0,2.14e-06
469,0,2.32e-06
470,0,1.86e-06
471,0,1.86e-06
472,0,2e-06
473,0,1.86e-06
474,0,1.92e-06
475,0,1.82e-06
476,0,1.88e-06
477,0,1.85e-06
478,0,2.02e-06
479,0,2.19e-06
480,0,2.54e-06
481,0,2.14e-06
482,0,1.89e-06
483,0,1.86e-06
484,0,2.12e-06
485,0,1.97e-06
486,0,1.84e-06
487,0,2.06e-06
488,0,2.32e-06
489,0,2.64e-06
490,0,2.29e-06
491,0,2.13e-06
492,0,2.13e-06
493,0,2.18e-06
494,0,2.36e-06
495,0,2.65e-06
496,0,2.61e-06
497,0,2.72e-06
498,0,2.7e-06
499,0,2.64e-06
500,0,2.78e-06
501,0,2.61e-06
502,0,2.62e-06
503,0,2.53e-06
504,0,2.19e-06
505,0,2.38e-06
506,0,2.68e-06
507,0,2.7e-06
508,0,2.8e-06
509,0,2.72e-06
510,0,2.7e-06
511,0,2.97e-06
512,0,2.78e-06
513,0,3e-06
514,0,2.91e-06
515,0,2.82e-06
516,0,3e-06
517,0,3e-06
518,0,2.79e-06
519,0,2.92e-06
520,0,2.94e-06
521,0,2.88e-06
522,0,2.84e-06
523,0,3.07e-06
524,0,3.16e-06
525,0,2.95e-06
526,0,2.95e-06
527,0,2.86e-06
528,0,2.93e-06
529,0,2.99e-06
530,0,3.08e-06
531,0,2.98e-06
532,0,2.57e-06
533,0,2.7e-06
534,0,2.77e-06
535,0,3.02e-06
536,0,2.93e-06
537,0,2.97e-06
538,0,2.97e-06
539,0,2.86e-06
540,0,3e-06
541,0,2.92e-06
542,0,3.09e-06
543,0,2.26e-06
544,0,2.56e-06
545,0,2.52e-06
546,0,2.47e-06
547,0,2.65e-06
548,0,2.29e-06
549,0,2.55e-06
550,0,2.41e-06
551,0,3.04e-06
552,0,2.85e-06
553,0,2.17e-06
554,0,2.49e-06
555,0,2.9e-06
556,0,2.82e-06
557,0,2.91e-06
558,0,2.93e-06
559,0,2.79e-06
560,0,3.04e-06
561,0,2.93e-06
562,0,3.43e-06
563,0,3.28e-06
564,0,3.05e-06
565,0,2.96e-06
566,0,3.13e-06
567,0,2.98e-06
568,0,2.95e-06
569,0,2.93e-06
570,0,3.02e-06
571,0,3e-06
572,0,3.03e-06
573,0,3.21e-06
574,0,2.97e-06
575,0,3.05e-06
576,0,3.09e-06
577,0,2.97e-06
578,0,3.03e-06
579,0,3.4e-06
580,0,3.29e-06
581,0,3.36e-06
582,0,3e-06
583,0,3.38e-06
584,0,3.39e-06
585,0,3.27e-06
586,0,3.17e-06
587,0,3.3e-06
588,0,3.33e-06
589,0,3.2e-06
590,0,3.49e-06
591,0,3.18e-06
592,0,3.27e-06
593,0,3.58e-06
594,0,3.15e-06
595,0,3.17e-06
596,0,3.3e-06
597,0,3.37e-06
598,0,3.4e-06
599,0,3.49e-06
600,0,3.56e-06
601,0,3.51e-06
602,0,3.46e-06
603,0,3.31e-06
604,0,3.1e-06
605,0,3.27e-06
606,0,3.33e-06
607,0,3.21e-06
608,0,3.23e-06
609,0,3.31e-06
610,0,3.58e-06
611,0,3.3e-06
612,0,3.35e-06
613,0,3.35e-06
614,0,3.32e-06
615,0,3.32e-06
616,0,3.28e-06
617,0,3.34e-06
618,0,3.33e-06
619,0,3.08e-06
620,0,3.39e-06
621,0,3.22e-06
622,0,3.32e-06
623,0,3.15e-06
624,0,3.3e-06
625,0,3.23e-06
626,0,3.27e-06
627,0,3.07e-06
628,0,3.22e-06
629,0,3.27e-06
630,0,3.14e-06
631,0,3.13e-06
632,0,2.61e-06
633,0,3.17e-06
634,0,3.41e-06
635,0,3.82e-06
636,0,3.04e-06
637,0,3.36e-06
638,0,3.17e-06
639,0,3.09e-06
640,0,2.88e-06
641,0,3.7e-06
642,0,3.68e-06
643,0,3.07e-06
644,0,3.43e-06
645,0,3.19e-06
646,0,2.98e-06
647,0,2.74e-06
648,0,2.95e-06
649,0,3.51e-06
650,0,3.21e-06
651,0,3.2e-06
652,0,3.37e-06
653,0,3.46e-06
654,0,3.6e-06
655,0,3.79e-06
656,0,3.72e-06
657,0,3.91e-06
658,0,3.61e-06
659,0,3.77e-06
660,0,3.74e-06
661,0,3.69e-06
662,0,3.64e-06
663,0,3.73e-06
664,0,3.74e-06
665,0,3.85e-06
666,0,3.69e-06
667,0,3.78e-06
668,0,3.65e-06
669,0,3.7e-06
670,0,3.69e-06
671,0,3.84e-06
672,0,3.9e-06
673,0,3.85e-06
674,0,3.88e-06
675,0,3.48e-06
676,0,3.63e-06
677,0,3.46e-06
678,0,3.69e-06
679,0,3.66e-06
680,0,3.88e-06
681,0,4.04e-06
682,0,4.04e-06
683,0,4.05e-06
684,0,3.89e-06
685,0,3.99e-06
686,0,3.96e-06
687,0,3.89e-06
688,0,4.11e-06
689,0,4.44e-06
690,0,4.36e-06
691,0,4.4e-06
692,0,4.93e-06
693,0,4.86e-06
694,0,5.07e-06
695,0,5.5e-06
696,0,5.98e-06
697,0,6.36e-06
698,0,6.88e-06
699,0,5.56e-06
700,0,6.41e-06
701,0,7.19e-06
702,0,8.55e-06
703,0,7.29e-06
704,0,9.86e-06
705,0,8.66e-06
706,0,9.67e-06
707,0,8.6e-06
708,0,1.015e-05
709,0,1.006e-05
710,0,9.88e-06
711,0,8.71e-06
712,0,9.91e-06
713,0,1.002e-05
714,0,1.079e-05
715,0,9.87e-06
716,0,8.12e-06
717,0,8.39e-06
718,0,7e-06
719,0,8.13e-06
720,0,7.49e-06
721,0,7.55e-06
722,0,6.55e-06
723,0,6.64e-06
724,0,6.64e-06
725,0,6.16e-06
726,0,6.2e-06
727,0,6.18e-06
728,0,5.76e-06
729,0,4.47e-06
730,0,4.42e-06
731,0,5.34e-06
732,0,5.45e-06
733,0,5.73e-06
734,0,5.32e-06
735,0,5.23e-06
736,0,4.5e-06
737,0,5.76e-06
738,0,4.91e-06
739,0,4.14e-06
740,0,4.06e-06
741,0,4.06e-06
742,0,4.15e-06
743,0,3.66e-06
744,0,3.81e-06
745,0,3.86e-06
746,0,3.69e-06
747,0,3.81e-06
748,0,4.64e-06
749,0,3.76e-06
750,0,3.54e-06
751,0,3.71e-06
752,0,3.75e-06
753,0,3.71e-06
754,0,4.45e-06
755,0,4.54e-06
756,0,4.08e-06
757,0,4.7e-06
758,0,4.29e-06
759,0,4.6e-06
760,0,4.4e-06
761,0,4.55e-06
762,0,4.55e-06
763,0,4.31e-06
764,0,4.41e-06
765,0,4.41e-06
766,0,4.38e-06
767,0,4.28e-06
768,0,4.17e-06
769,0,4.23e-06
770,0,4.31e-06
771,0,4.44e-06
772,0,4.48e-06
773,0,4.4e-06
774,0,4.5e-06
775,0,4.23e-06
776,0,4.11e-06
777,0,4.12e-06
778,0,4.54e-06
779,0,4.28e-06
780,0,4.35e-06
781,0,4.53e-06
782,0,4.39e-06
783,0,4.25e-06
784,0,4.43e-06
785,0,4.16e-06
786,0,4.35e-06
787,0,4.56e-06
788,0,4.36e-06
789,0,4.25e-06
790,0,4.24e-06
791,0,3.98e-06
792,0,3.9e-06
793,0,3.98e-06
794,0,4.1e-06
795,0,4.09e-06
796,0,4.16e-06
797,0,4.22e-06
798,0,4.21e-06
799,0,4.09e-06
800,0,4.12e-06
801,0,4.07e-06
802,0,3.91e-06
803,0,3.87e-06
804,0,2.98e-06
805,0,3.18e-06
806,0,3.15e-06
807,0,3.72e-06
808,0,3.57e-06
809,0,3.15e-06
810,0,2.98e-06
811,0,3.92e-06
812,0,3.03e-06
813,0,3.14e-06
814,0,3.52e-06
815,0,3.91e-06
816,0,3.88e-06
817,0,3.93e-06
818,0,4.08e-06
819,0,3.84e-06
820,0,3.95e-06
821,0,3.89e-06
822,0,4.02e-06
823,0,3.97e-06
824,0,4.03e-06
825,0,3.96e-06
826,0,3.93e-06
827,0,4.16e-06
828,0,4.13e-06
829,0,3.91e-06
830,0,3.75e-06
831,0,3.96e-06
832,0,3.69e-06
833,0,3.94e-06
834,0,4.02e-06
835,0,4e-06
836,0,3.9e-06
837,0,3.87e-06
838,0,3.2e-06
839,0,3.58e-06
840,0,4.01e-06
841,0,4e-06
842,0,3.95e-06
843,0,4.08e-06
844,0,3.75e-06
845,0,3.81e-06
846,0,3.79e-06
847,0,4.05e-06
848,0,4.01e-06
849,0,3.48e-06
850,0,3.47e-06
851,0,3.81e-06
852,0,4.04e-06
853,0,3.61e-06
854,0,3.64e-06
855,0,3.74e-06
856,0,3.88e-06
857,0,3.98e-06
858,0,4.01e-06
859,0,3.92e-06
860,0,3.87e-06
861,0,3.95e-06
862,0,3.87e-06
863,0,4.09e-06
864,0,3.86e-06
865,0,4.13e-06
866,0,4.32e-06
867,0,4.16e-06
868,0,4.11e-06
869,0,4.07e-06
870,0,4.22e-06
871,0,4.41e-06
872,0,4.36e-06
873,0,4.41e-06
874,0,4.44e-06
875,0,4.35e-06
876,0,4.33e-06
877,0,4.32e-06
878,0,4.37e-06
879,0,4.45e-06
880,0,4.17e-06
881,0,4.18e-06
882,0,4.13e-06
883,0,4.53e-06
884,0,4.61e-06
885,0,4.23e-06
886,0,4.41e-06
887,0,4.38e-06
888,0,4.39e-06
889,0,4.24e-06
890,0,4.34e-06
891,0,4.4e-06
892,0,4.37e-06
893,0,4.36e-06
894,0,4.59e-06
895,0,4.61e-06
896,0,4.53e-06
897,0,4.52e-06
898,0,4.44e-06
899,0,4.33e-06
900,0,4.34e-06
901,0,4.63e-06
902,0,5.15e-06
903,0,5.12e-06
904,0,4.61e-06
905,0,4.52e-06
906,0,4.59e-06
907,0,4.69e-06
908,0,4.6e-06
909,0,4.88e-06
910,0,4.59e-06
911,0,4.65e-06
912,0,5.06e-06
913,0,4.82e-06
914,0,4.93e-06
915,0,5.29e-06
916,0,4.99e-06
917,0,5.18e-06
918,0,5.37e-06
919,0,5.17e-06
920,0,5.02e-06
921,0,4.45e-06
922,0,4.34e-06
923,0,4.73e-06
924,0,4.94e-06
925,0,4.31e-06
926,0,4.27e-06
927,0,4.08e-06
928,0,3.48e-06
929,0,3.55e-06
930,0,3.55e-06
931,0,3.5e-06
932,0,4.17e-06
933,0,4.38e-06
934,0,3.66e-06
935,0,3.61e-06
936,0,3.56e-06
937,0,3.65e-06
938,0,3.59e-06
939,0,4.69e-06
940,0,3.57e-06
941,0,3.37e-06
942,0,3.35e-06
943,0,3.39e-06
944,0,3.43e-06
945,0,3.65e-06
946,0,4.52e-06
947,0,3.64e-06
948,0,3.42e-06
949,0,3.47e-06
950,0,3.8e-06
951,0,3.52e-06
952,0,4.14e-06
953,0,4.45e-06
954,0,3.92e-06
955,0,3.76e-06
956,0,3.99e-06
957,0,3.79e-06
958,0,4.48e-06
959,0,4.42e-06
960,0,3.99e-06
961,0,4.71e-06
962,0,4.7e-06
963,0,4.18e-06
964,0,3.54e-06
965,0,3.71e-06
966,0,3.66e-06
967,0,3.83e-06
968,0,3.39e-06
969,0,3.37e-06
970,0,3.47e-06
971,0,3.38e-06
972,0,3.55e-06
973,0,3.8e-06
974,0,3.68e-06
975,0,3.89e-06
976,0,3.68e-06
977,0,3.67e-06
978,0,3.69e-06
979,0,3.81e-06
980,0,3.76e-06
981,0,3.82e-06
982,0,4.24e-06
983,0,4.02e-06
984,0,3.42e-06
985,0,3.8e-06
986,0,3.5e-06
987,0,3.37e-06
988,0,3.82e-06
989,0,3.76e-06
990,0,4.13e-06
991,0,4.09e-06
992,0,3.7e-06
993,0,3.96e-06
994,0,3.9e-06
995,0,3.95e-06
996,0,3.87e-06
997,0,3.8e-06
998,0,3.55e-06
999,0,3.44e-06
1000,0,3.76e-06
1001,0,3.82e-06
1002,0,3.92e-06
1003,0,3.73e-06
1004,0,3.79e-06
1005,0,3.81e-06
1006,0,3.95e-06
1007,0,4e-06
1008,0,4.01e-06
1009,0,3.78e-06
1010,0,3.77e-06
1011,0,3.98e-06
1012,0,3.98e-06
1013,0,4.14e-06
1014,0,4.03e-06
1015,0,3.85e-06
1016,0,3.9e-06
1017,0,3.84e-06
1018,0,4.01e-06
1019,0,3.95e-06
1020,0,4.09e-06
1021,0,3.59e-06
1022,0,3.62e-06
1023,0,4.05e-06
1024,0,3.59e-06
1025,0,3.51e-06
1026,0,3.7e-06
1027,0,3.48e-06
1028,0,3.58e-06
1029,0,3.59e-06
1030,0,4.02e-06
1031,0,3.91e-06
1032,0,4.07e-06
1033,0,4.11e-06
1034,0,4.04e-06
1035,0,4.41e-06
1036,0,3.82e-06
1037,0,4.02e-06
1038,0,4.04e-06
1039,0,4.07e-06
1040,0,4.03e-06
1041,0,4.89e-06
1042,0,4.96e-06
1043,0,5.08e-06
1044,0,4.09e-06
1045,0,4.02e-06
1046,0,3.88e-06
1047,0,3.89e-06
1048,0,4.06e-06
1049,0,4.13e-06
1050,0,4.2e-06
1051,0,4.01e-06
1052,0,3.85e-06
1053,0,3.97e-06
1054,0,4.17e-06
1055,0,4.17e-06
1056,0,4.13e-06
1057,0,4.76e-06
1058,0,5.32e-06
1059,0,4.72e-06
1060,0,4.93e-06
1061,0,4.88e-06
1062,0,4.81e-06
1063,0,4.91e-06
1064,0,3.87e-06
1065,0,4.16e-06
1066,0,4.52e-06
1067,0,4.33e-06
1068,0,4.15e-06
1069,0,4.23e-06
1070,0,4.25e-06
1071,0,4.12e-06
1072,0,4.43e-06
1073,0,4.26e-06
1074,0,4.18e-06
1075,0,4.29e-06
1076,0,3.92e-06
1077,0,4.29e-06
1078,0,4.32e-06
1079,0,4.33e-06
1080,0,4.16e-06
1081,0,4.21e-06
1082,0,4.26e-06
1083,0,4.12e-06
1084,0,4.22e-06
1085,0,4.2e-06
1086,0,4.15e-06
1087,0,4.03e-06
1088,0,4.24e-06
1089,0,4.29e-06
1090,0,4.2e-06
1091,0,4.24e-06
1092,0,4.2e-06
1093,0,4.32e-06
1094,0,4.1e-06
1095,0,4.41e-06
1096,0,4.19e-06
1097,0,4.28e-06
1098,0,3.98e-06
1099,0,4.15e-06
1100,0,4.23e-06
1101,0,4.28e-06
1102,0,4.24e-06
1103,0,4.24e-06
1104,0,4.44e-06
1105,0,4.45e-06
1106,0,4.22e-06
1107,0,3.84e-06
1108,0,3.92e-06
1109,0,4.15e-06
1110,0,4.55e-06
1111,0,4.4e-06
1112,0,4.36e-06
1113,0,4.48e-06
1114,0,4.48e-06
1115,0,4.47e-06
1116,0,4.36e-06
1117,0,4.36e-06
1118,0,4.33e-06
1119,0,4.32e-06
1120,0,4.2e-06
1121,0,4.34e-06
1122,0,4.41e-06
1123,0,4.43e-06
1124,0,4.46e-06
1125,0,3.94e-06
1126,0,4.35e-06
1127,0,3.83e-06
1128,0,3.97e-06
1129,0,4.05e-06
1130,0,4.23e-06
1131,0,4.97e-06
1132,0,4.7e-06
1133,0,4.82e-06
1134,0,4.83e-06
1135,0,4.54e-06
1136,0,4.65e-06
1137,0,4.66e-06
1138,0,4.73e-06
1139,0,4.31e-06
1140,0,4.46e-06
1141,0,4.48e-06
1142,0,4.45e-06
1143,0,4.41e-06
1144,0,4.31e-06
1145,0,4.52e-06
1146,0,4.44e-06
1147,0,4.52e-06
1148,0,4.27e-06
1149,0,4.64e-06
1150,0,4.89e-06
1151,0,4.6e-06
1152,0,4.39e-06
1153,0,4.15e-06
1154,0,4.54e-06
1155,0,3.95e-06
1156,0,4.08e-06
1157,0,4.08e-06
1158,0,4.04e-06
1159,0,4.34e-06
1160,0,4.23e-06
1161,0,4.2e-06
1162,0,4.28e-06
1163,0,4.27e-06
1164,0,4.22e-06
1165,0,3.94e-06
1166,0,4.74e-06
1167,0,4.74e-06
1168,0,5.04e-06
1169,0,5.26e-06
1170,0,5.17e-06
1171,0,5.13e-06
1172,0,5.07e-06
1173,0,4.03e-06
1174,0,4.12e-06
1175,0,5.24e-06
1176,0,4.74e-06
1177,0,4.56e-06
1178,0,4.57e-06
1179,0,4.71e-06
1180,0,4.65e-06
1181,0,4.7e-06
1182,0,4.93e-06
1183,0,4.56e-06
1184,0,4.75e-06
1185,0,5.08e-06
1186,0,5.09e-06
1187,0,4.96e-06
1188,0,5.08e-06
1189,0,4.54e-06
1190,0,4.46e-06
1191,0,4.52e-06
1192,0,5.35e-06
1193,0,5.28e-06
1194,0,5.55e-06
1195,0,5.69e-06
1196,0,5.61e-06
1197,0,5.71e-06
1198,0,5.56e-06
1199,0,5.38e-06
1200,0,5.45e-06
1201,0,5.44e-06
1202,0,5.44e-06
1203,0,5.32e-06
1204,0,4.76e-06
1205,0,5.23e-06
1206,0,5.08e-06
1207,0,4.8e-06
1208,0,4.81e-06
1209,0,4.56e-06
1210,0,5.15e-06
1211,0,4.66e-06
1212,0,4.95e-06
1213,0,4.61e-06
1214,0,4.61e-06
1215,0,4.55e-06
1216,0,4.54e-06
1217,0,4.63e-06
1218,0,4.56e-06
1219,0,4.62e-06
1220,0,4.51e-06
1221,0,4.41e-06
1222,0,4.45e-06
1223,0,4.54e-06
1224,0,4.49e-06
1225,0,4.66e-06
1226,0,4.45e-06
1227,0,5.11e-06
1228,0,5.1e-06
1229,0,4.61e-06
1230,0,4.5e-06
1231,0,4.85e-06
1232,0,5.16e-06
1233,0,4.94e-06
1234,0,4.82e-06
1235,0,4.78e-06
1236,0,4.65e-06
1237,0,4.83e-06
1238,0,4.5e-06
1239,0,4.94e-06
1240,0,4.76e-06
1241,0,4.7e-06
1242,0,4.68e-06
1243,0,4.72e-06
1244,0,4.73e-06
1245,0,4.76e-06
1246,0,4.72e-06
1247,0,4.48e-06
1248,0,4.58e-06
1249,0,4.87e-06
1250,0,4.84e-06
1251,0,4.71e-06
1252,0,4.67e-06
1253,0,4.62e-06
1254,0,4.32e-06
1255,0,4.38e-06
1256,0,4.61e-06
1257,0,5.14e-06
1258,0,4.88e-06
1259,0,5.14e-06
1260,0,4.93e-06
1261,0,4.85e-06
1262,0,4.66e-06
1263,0,5.21e-06
1264,0,4.91e-06
1265,0,4.58e-06
1266,0,4.58e-06
1267,0,4.96e-06
1268,0,4.43e-06
1269,0,4.64e-06
1270,0,4.48e-06
1271,0,4.52e-06
1272,0,4.71e-06
1273,0,4.71e-06
1274,0,4.87e-06
1275,0,4.68e-06
1276,0,4.7e-06
1277,0,4.55e-06
1278,0,4.98e-06
1279,0,4.73e-06
1280,0,4.68e-06
1281,0,4.56e-06
1282,0,4.49e-06
1283,0,4.63e-06
1284,0,4.68e-06
1285,0,4.8e-06
1286,0,4.76e-06
1287,0,4.75e-06
1288,0,4.55e-06
1289,0,4.28e-06
1290,0,4.49e-06
1291,0,4.4e-06
1292,0,4.43e-06
1293,0,4.45e-06
1294,0,4.46e-06
1295,0,4.49e-06
1296,0,4.78e-06
1297,0,5.1e-06
1298,0,5.21e-06
1299,0,5.28e-06
1300,0,4.84e-06
1301,0,5.28e-06
1302,0,5.03e-06
1303,0,5.04e-06
1304,0,5.25e-06
1305,0,5.3e-06
1306,0,5e-06
1307,0,5.02e-06
1308,0,4.97e-06
1309,0,4.74e-06
1310,0,5.07e-06
1311,0,5.29e-06
1312,0,4.98e-06
1313,0,5.02e-06
1314,0,4.88e-06
1315,0,5.39e-06
1316,0,5.22e-06
1317,0,5.24e-06
1318,0,5.23e-06
1319,0,4.73e-06
1320,0,5.03e-06
1321,0,4.99e-06
1322,0,5.37e-06
1323,0,5.29e-06
1324,0,5.24e-06
1325,0,5.14e-06
1326,0,5.09e-06
1327,0,5.07e-06
1328,0,5.24e-06
1329,0,5.03e-06
1330,0,4.63e-06
1331,0,4.55e-06
1332,0,4.69e-06
1333,0,5.15e-06
1334,0,5.1e-06
1335,0,4.98e-06
1336,0,5.04e-06
1337,0,5.06e-06
1338,0,5.03e-06
1339,0,5.02e-06
1340,0,5.07e-06
1341,0,4.98e-06
1342,0,4.8e-06
1343,0,5.28e-06
1344,0,5.18e-06
1345,0,5.19e-06
1346,0,5.18e-06
1347,0,4.89e-06
1348,0,5.01e-06
1349,0,5e-06
1350,0,4.96e-06
1351,0,5.11e-06
1352,0,5.27e-06
1353,0,5.26e-06
1354,0,6.35e-06
1355,0,6.25e-06
1356,0,4.78e-06
1357,0,4.95e-06
1358,0,4.98e-06
1359,0,5.07e-06
1360,0,4.76e-06
1361,0,4.7e-06
1362,0,5.2e-06
1363,0,4.96e-06
1364,0,4.91e-06
1365,0,4.94e-06
1366,0,5.28e-06
1367,0,4.86e-06
1368,0,4.83e-06
1369,0,4.87e-06
1370,0,4.81e-06
1371,0,5.15e-06
1372,0,5.17e-06
1373,0,5.11e-06
1374,0,5.17e-06
1375,0,5e-06
1376,0,4.81e-06
1377,0,5.18e-06
1378,0,5.13e-06
1379,0,4.96e-06
1380,0,4.89e-06
1381,0,4.95e-06
1382,0,4.82e-06
1383,0,4.72e-06
1384,0,5.79e-06
1385,0,5.48e-06
1386,0,5.82e-06
1387,0,5.45e-06
1388,0,5.78e-06
1389,0,5.48e-06
1390,0,5.81e-06
1391,0,5.57e-06
1392,0,5.79e-06
1393,0,5.63e-06
1394,0,5.38e-06
1395,0,5.11e-06
1396,0,5.45e-06
1397,0,5.69e-06
1398,0,4.59e-06
1399,0,4.58e-06
1400,0,5.39e-06
1401,0,5.16e-06
1402,0,4.92e-06
1403,0,4.79e-06
1404,0,4.91e-06
1405,0,5.15e-06
1406,0,4.79e-06
1407,0,4.98e-06
1408,0,4.76e-06
1409,0,4.79e-06
1410,0,5.56e-06
1411,0,6.46e-06
1412,0,6.41e-06
1413,0,6.84e-06
1414,0,6.87e-06
1415,0,6.63e-06
1416,0,6.74e-06
1417,0,6.68e-06
1418,0,6.68e-06
1419,0,6.69e-06
1420,0,6.91e-06
1421,0,6.86e-06
1422,0,6.8e-06
1423,0,6.77e-06
1424,0,6.79e-06
1425,0,6.75e-06
1426,0,6.63e-06
1427,0,6.56e-06
1428,0,6.5e-06
1429,0,6.71e-06
1430,0,6.73e-06
1431,0,6.88e-06
1432,0,6.4e-06
1433,0,5.89e-06
1434,0,6.6e-06
1435,0,6.42e-06
1436,0,6.46e-06
1437,0,5.91e-06
1438,0,6.19e-06
1439,0,4.95e-06
1440,0,4.76e-06
1441,0,5.5e-06
1442,0,5.24e-06
1443,0,6.01e-06
1444,0,5.14e-06
1445,0,5.49e-06
1446,0,5.12e-06
1447,0,5.33e-06
1448,0,5.28e-06
1449,0,5.52e-06
1450,0,5.29e-06
1451,0,5.48e-06
1452,0,5.12e-06
1453,0,5.26e-06
1454,0,5.14e-06
1455,0,4.91e-06
1456,0,4.74e-06
1457,0,5.11e-06
1458,0,4.96e-06
1459,0,4.97e-06
1460,0,5.11e-06
1461,0,5.25e-06
1462,0,5.48e-06
1463,0,5.33e-06
1464,0,5.64e-06
1465,0,5.31e-06
1466,0,5.45e-06
1467,0,5.4e-06
1468,0,5.42e-06
1469,0,5.38e-06
1470,0,5.42e-06
1471,0,5.04e-06
1472,0,5.35e-06
1473,0,5.35e-06
1474,0,5.02e-06
1475,0,5.11e-06
1476,0,5.11e-06
1477,0,5.62e-06
1478,0,5.17e-06
1479,0,5.48e-06
1480,0,5.31e-06
1481,0,5.6e-06
1482,0,5.37e-06
1483,0,5.4e-06
1484,0,5.35e-06
1485,0,5.78e-06
1486,0,5.32e-06
1487,0,5.41e-06
1488,0,5.25e-06
1489,0,5.49e-06
1490,0,5.26e-06
1491,0,5.64e-06
1492,0,5.39e-06
1493,0,5.57e-06
1494,0,5.59e-06
1495,0,5.49e-06
1496,0,5.33e-06
1497,0,5.39e-06
1498,0,5.21e-06
1499,0,5.79e-06
1500,0,5.28e-06
1501,0,5.55e-06
1502,0,5.18e-06
1503,0,5.17e-06
1504,0,5.37e-06
1505,0,5.56e-06
1506,0,5.26e-06
1507,0,5.38e-06
1508,0,5.72e-06
1509,0,5.62e-06
1510,0,5.39e-06
1511,0,5.52e-06
1512,0,5.27e-06
1513,0,5.43e-06
1514,0,5.24e-06
1515,0,6.83e-06
1516,0,5.82e-06
1517,0,5.73e-06
1518,0,5.03e-06
1519,0,5.8e-06
1520,0,5.47e-06
1521,0,5.76e-06
1522,0,5.58e-06
1523,0,5.84e-06
1524,0,5.47e-06
1525,0,5.19e-06
1526,0,5.58e-06
1527,0,5.55e-06
1528,0,5.56e-06
1529,0,5.67e-06
1530,0,5.92e-06
1531,0,5.66e-06
1532,0,5.59e-06
1533,0,5.83e-06
1534,0,5.39e-06
1535,0,5.28e-06
1536,0,5.28e-06
1537,0,5.31e-06
1538,0,6.08e-06
1539,0,5.27e-06
1540,0,5.53e-06
1541,0,5.43e-06
1542,0,6.24e-06
1543,0,5.83e-06
1544,0,5.81e-06
1545,0,5.53e-06
1546,0,5.7e-06
1547,0,5.69e-06
1548,0,5.78e-06
1549,0,5.98e-06
1550,0,5.84e-06
1551,0,5.85e-06
1552,0,5.83e-06
1553,0,6.03e-06
1554,0,5.85e-06
1555,0,5.94e-06
1556,0,5.66e-06
1557,0,6.28e-06
1558,0,5.75e-06
1559,0,5.76e-06
1560,0,5.74e-06
1561,0,6.25e-06
1562,0,5.8e-06
1563,0,5.83e-06
1564,0,5.93e-06
1565,0,6.06e-06
1566,0,5.89e-06
1567,0,5.73e-06
1568,0,5.74e-06
1569,0,6.33e-06
1570,0,5.71e-06
1571,0,5.77e-06
1572,0,5.77e-06
1573,0,6.24e-06
1574,0,5.67e-06
1575,0,5.83e-06
1576,0,5.8e-06
1577,0,5.86e-06
1578,0,5.75e-06
1579,0,5.69e-06
1580,0,5.96e-06
1581,0,6e-06
1582,0,6.17e-06
1583,0,6.11e-06
1584,0,5.82e-06
1585,0,6.03e-06
1586,0,5.11e-06
1587,0,6.27e-06
1588,0,6.27e-06
1589,0,6.58e-06
1590,0,6.51e-06
1591,0,6.68e-06
1592,0,5.98e-06
1593,0,5.79e-06
1594,0,5.64e-06
1595,0,6.1e-06
1596,0,6.25e-06
1597,0,6.07e-06
1598,0,5.22e-06
1599,0,5.74e-06
1600,0,5.36e-06
1601,0,5.47e-06
1602,0,5.17e-06
1603,0,5.36e-06
1604,0,5.29e-06
1605,0,6.01e-06
1606,0,5.88e-06
1607,0,6.06e-06
1608,0,5.75e-06
1609,0,6.17e-06
1610,0,5.74e-06
1611,0,6.27e-06
1612,0,5.87e-06
1613,0,6.3e-06
1614,0,5.84e-06
1615,0,6.38e-06
1616,0,5.79e-06
1617,0,6.21e-06
1618,0,5.89e-06
1619,0,6.29e-06
1620,0,6.04e-06
1621,0,6.49e-06
1622,0,6.03e-06
1623,0,6.45e-06
1624,0,6.18e-06
1625,0,6.48e-06
1626,0,6.44e-06
1627,0,5.75e-06
1628,0,6.76e-06
1629,0,7.4e-06
1630,0,7.34e-06
1631,0,6.58e-06
1632,0,6.45e-06
1633,0,6.36e-06
1634,0,6.22e-06
1635,0,6.54e-06
1636,0,5.97e-06
1637,0,6.27e-06
1638,0,5.79e-06
1639,0,6.61e-06
1640,0,5.7e-06
1641,0,6.06e-06
1642,0,5.79e-06
1643,0,6.07e-06
1644,0,5.65e-06
1645,0,5.98e-06
1646,0,5.66e-06
1647,0,6.58e-06
1648,0,6.16e-06
1649,0,6.01e-06
1650,0,5.91e-06
1651,0,5.97e-06
1652,0,6.08e-06
1653,0,6.03e-06
1654,0,5.73e-06
1655,0,5.61e-06
1656,0,5.92e-06
1657,0,5.96e-06
1658,0,6e-06
1659,0,5.8e-06
1660,0,6.07e-06
1661,0,6.07e-06
1662,0,5.75e-06
1663,0,6.21e-06
1664,0,5.95e-06
1665,0,6e-06
1666,0,6.05e-06
1667,0,6.19e-06
1668,0,6.22e-06
1669,0,6.15e-06
1670,0,6.05e-06
1671,0,6.09e-06
1672,0,5.86e-06
1673,0,5.9e-06
1674,0,5.91e-06
1675,0,5.7e-06
1676,0,6.03e-06
1677,0,6.16e-06
1678,0,5.85e-06
1679,0,5.96e-06
1680,0,6.03e-06
1681,0,5.64e-06
1682,0,6.36e-06
1683,0,6.38e-06
1684,0,6.28e-06
1685,0,6.62e-06
1686,0,6.71e-06
1687,0,6.82e-06
1688,0,5.97e-06
1689,0,7.02e-06
1690,0,6.07e-06
1691,0,6.69e-06
1692,0,6.35e-06
1693,0,6.05e-06
1694,0,6.73e-06
1695,0,6.26e-06
1696,0,6.88e-06
1697,0,6.43e-06
1698,0,5.68e-06
1699,0,7.49e-06
1700,0,5.87e-06
1701,0,6.1e-06
1702,0,6.3e-06
1703,0,6.01e-06
1704,0,6.3e-06
1705,0,6.29e-06
1706,0,6.37e-06
1707,0,6.33e-06
1708,0,6.48e-06
1709,0,6.37e-06
1710,0,6.4e-06
1711,0,6.44e-06
1712,0,6.34e-06
1713,0,6.29e-06
1714,0,6.36e-06
1715,0,6.3e-06
1716,0,6.59e-06
1717,0,7.14e-06
1718,0,7.49e-06
1719,0,6.51e-06
1720,0,6.74e-06
1721,0,7.01e-06
1722,0,6.91e-06
1723,0,6.98e-06
1724,0,8.09e-06
1725,0,8.4e-06
1726,0,8.2e-06
1727,0,7.68e-06
1728,0,6.69e-06
1729,0,6.88e-06
1730,0,6.21e-06
1731,0,5.9e-06
1732,0,6.1e-06
1733,0,6.79e-06
1734,0,5.83e-06
1735,0,5.85e-06
1736,0,6.07e-06
1737,0,6.9e-06
1738,0,5.88e-06
1739,0,5.84e-06
1740,0,5.95e-06
1741,0,7.37e-06
1742,0,5.88e-06
1743,0,6.15e-06
1744,0,7.77e-06
1745,0,7.02e-06
1746,0,6.27e-06
1747,0,6.25e-06
1748,0,6.33e-06
1749,0,5.9e-06
1750,0,6.08e-06
1751,0,6.2e-06
1752,0,6.36e-06
1753,0,6.17e-06
1754,0,6.27e-06
1755,0,6.11e-06
1756,0,6.4e-06
1757,0,6.13e-06
1758,0,6.26e-06
1759,0,6.04e-06
1760,0,6.1e-06
1761,0,6.08e-06
1762,0,6.21e-06
1763,0,6.02e-06
1764,0,6.25e-06
1765,0,6.49e-06
1766,0,6.3e-06
1767,0,6.04e-06
1768,0,6.1e-06
1769,0,6.02e-06
1770,0,6.12e-06
1771,0,5.96e-06
1772,0,6.14e-06
1773,0,6.09e-06
1774,0,6.25e-06
1775,0,6.07e-06
1776,0,6.22e-06
1777,0,6.04e-06
1778,0,6.18e-06
1779,0,6.02e-06
1780,0,6.18e-06
1781,0,6.05e-06
1782,0,6.19e-06
1783,0,6.02e-06
1784,0,6.17e-06
1785,0,6.02e-06
1786,0,6.22e-06
1787,0,6.03e-06
1788,0,6.31e-06
1789,0,7.24e-06
1790,0,6.34e-06
1791,0,6.07e-06
1792,0,6.18e-06
1793,0,7.87e-06
1794,0,6.59e-06
1795,0,6.04e-06
1796,0,6.22e-06
1797,0,6.19e-06
1798,0,6.25e-06
1799,0,6.05e-06
1800,0,6.31e-06
1801,0,6.12e-06
1802,0,6.4e-06
1803,0,6.1e-06
1804,0,6.45e-06
1805,0,6e-06
1806,0,6.19e-06
1807,0,6.12e-06
1808,0,6.33e-06
1809,0,5.77e-06
1810,0,5.86e-06
1811,0,6.4e-06
1812,0,5.97e-06
1813,0,6.16e-06
1814,0,6.04e-06
1815,0,6.4e-06
1816,0,5.89e-06
1817,0,6.24e-06
1818,0,6.14e-06
1819,0,6.32e-06
1820,0,6.17e-06
1821,0,6.18e-06
1822,0,6.09e-06
1823,0,6.43e-06
1824,0,6.4e-06
1825,0,6.37e-06
1826,0,6.37e-06
1827,0,6.37e-06
1828,0,6.8e-06
1829,0,6.56e-06
1830,0,6.36e-06
1831,0,6.16e-06
1832,0,6.47e-06
1833,0,6.19e-06
1834,0,6.32e-06
1835,0,6.21e-06
1836,0,7.42e-06
1837,0,6.05e-06
1838,0,5.97e-06
1839,0,6.35e-06
1840,0,6.47e-06
1841,0,6.22e-06
1842,0,6.08e-06
1843,0,6.47e-06
1844,0,7.03e-06
1845,0,6.3e-06
1846,0,6.17e-06
1847,0,6.19e-06
1848,0,6.58e-06
1849,0,6.59e-06
1850,0,6.44e-06
1851,0,6.51e-06
1852,0,6.62e-06
1853,0,6.62e-06
1854,0,6.43e-06
1855,0,7.39e-06
1856,0,6.33e-06
1857,0,6.47e-06
1858,0,6.75e-06
1859,0,6.6e-06
1860,0,6.94e-06
1861,0,8.03e-06
1862,0,7.92e-06
1863,0,7.86e-06
1864,0,7.77e-06
1865,0,6.02e-06
1866,0,6.95e-06
1867,0,6.67e-06
1868,0,6.69e-06
1869,0,6.61e-06
1870,0,6.59e-06
1871,0,6.1e-06
1872,0,6.42e-06
1873,0,7.19e-06
1874,0,6.83e-06
1875,0,7.08e-06
1876,0,6.78e-06
1877,0,6.65e-06
1878,0,6.88e-06
1879,0,6.2e-06
1880,0,6.37e-06
1881,0,6.24e-06
1882,0,7.11e-06
1883,0,6.77e-06
1884,0,6.67e-06
1885,0,6.83e-06
1886,0,6.97e-06
1887,0,6.8e-06
1888,0,6.97e-06
1889,0,6.99e-06
1890,0,6.8e-06
1891,0,6.72e-06
1892,0,6.75e-06
1893,0,6.92e-06
1894,0,6.81e-06
1895,0,6.91e-06
1896,0,7.02e-06
1897,0,7.1e-06
1898,0,6.95e-06
1899,0,6.74e-06
1900,0,6.83e-06
1901,0,6.89e-06
1902,0,6.75e-06
1903,0,7.01e-06
1904,0,6.7e-06
1905,0,6.35e-06
1906,0,6.73e-06
1907,0,7.33e-06
1908,0,7.32e-06
1909,0,7.38e-06
1910,0,7.51e-06
1911,0,7.35e-06
1912,0,7.45e-06
1913,0,7.55e-06
1914,0,7.54e-06
1915,0,7.61e-06
1916,0,7.74e-06
1917,0,6.83e-06
1918,0,7e-06
1919,0,7.59e-06
1920,0,7.41e-06
1921,0,6.92e-06
1922,0,7.33e-06
1923,0,7.41e-06
1924,0,6.85e-06
1925,0,7.39e-06
1926,0,7.34e-06
1927,0,7.36e-06
1928,0,6.83e-06
1929,0,6.8e-06
1930,0,7.07e-06
1931,0,7.01e-06
1932,0,7.12e-06
1933,0,7.05e-06
1934,0,7.06e-06
1935,0,6.62e-06
1936,0,7.13e-06
1937,0,7.08e-06
1938,0,7.05e-06
1939,0,7.4e-06
1940,0,7.29e-06
1941,0,7.13e-06
1942,0,7.3e-06
1943,0,6.97e-06
1944,0,6.91e-06
1945,0,7.26e-06
1946,0,7.34e-06
1947,0,7.32e-06
1948,0,7.11e-06
1949,0,7.33e-06
1950,0,7.85e-06
1951,0,8.51e-06
1952,0,7.04e-06
1953,0,7.3e-06
1954,0,7.7e-06
1955,0,7.4e-06
1956,0,7.39e-06
1957,0,7.55e-06
1958,0,7.5e-06
1959,0,7.33e-06
1960,0,7.17e-06
1961,0,7.44e-06
1962,0,7.01e-06
1963,0,7.14e-06
1964,0,7.06e-06
1965,0,7.13e-06
1966,0,7.13e-06
1967,0,7.2e-06
1968,0,7.03e-06
1969,0,7.17e-06
1970,0,7.32e-06
1971,0,6.93e-06
1972,0,6.94e-06
1973,0,7.11e-06
1974,0,7.3e-06
1975,0,7e-06
1976,0,7.02e-06
1977,0,7.28e-06
1978,0,7.05e-06
1979,0,7.15e-06
1980,0,7.54e-06
1981,0,7.05e-06
1982,0,7.17e-06
1983,0,6.95e-06
1984,0,7.16e-06
1985,0,7.02e-06
1986,0,7.04e-06
1987,0,7.13e-06
1988,0,7.04e-06
1989,0,7.04e-06
1990,0,7.11e-06
1991,0,6.9e-06
1992,0,7.17e-06
1993,0,7.12e-06
1994,0,7.35e-06
1995,0,7.04e-06
1996,0,7.19e-06
1997,0,7.23e-06
1998,0,7.02e-06
1999,0,7.38e-06
