2,1,2e-07
3,3,3e-07
4,6,2e-07
5,10,3e-07
6,15,6e-07
7,21,4e-07
8,28,8e-07
9,36,1e-06
10,45,9e-07
11,54,8e-07
12,63,1e-06
13,75,1.5e-06
14,88,1.2e-06
15,102,1.3e-06
16,117,1.5e-06
17,133,1.8e-06
18,150,2e-06
19,168,2.1e-06
20,187,2.7e-06
21,206,2.8e-06
22,227,2.8e-06
23,249,3e-06
24,272,3.1e-06
25,296,4.2e-06
26,321,3.4e-06
27,347,4e-06
28,374,4.2e-06
29,402,4.2e-06
30,431,4.9e-06
31,461,5.5e-06
32,492,4.9e-06
33,524,5.8e-06
34,557,5.9e-06
35,591,6.8e-06
36,626,6e-06
37,662,4.6e-06
38,699,4.6e-06
39,737,4.8e-06
40,776,5.3e-06
41,815,8.9e-06
42,856,9.6e-06
43,898,9.5e-06
44,941,1.06e-05
45,985,1e-05
46,1030,1.07e-05
47,1076,1.2e-05
48,1123,1.11e-05
49,1171,1.29e-05
50,1220,1.22e-05
51,1270,1.38e-05
52,1320,1.39e-05
53,1372,1.44e-05
54,1425,1.46e-05
55,1479,1.46e-05
56,1533,1.63e-05
57,1589,1.71e-05
58,1646,1.91e-05
59,1704,1.88e-05
60,1763,1.8e-05
61,1823,1.83e-05
62,1884,1.98e-05
63,1946,2.14e-05
64,2009,2.14e-05
65,2073,2.27e-05
66,2138,2.17e-05
67,2204,2.2e-05
68,2271,2.37e-05
69,2339,2.28e-05
70,2408,2.37e-05
71,2477,2.41e-05
72,2548,2.44e-05
73,2620,2.46e-05
74,2693,2.5e-05
75,2767,2.56e-05
76,2842,2.61e-05
77,2918,2.69e-05
78,2995,2.71e-05
79,3073,2.75e-05
80,3152,2.88e-05
81,3232,2.87e-05
82,3313,2.93e-05
83,3395,2.98e-05
84,3478,3.07e-05
85,3561,3.09e-05
86,3646,3.18e-05
87,3732,3.23e-05
88,3819,3.23e-05
89,3907,3.3e-05
90,3996,3.35e-05
91,4086,3.47e-05
92,4176,3.5e-05
93,4268,3.61e-05
94,4361,3.64e-05
95,4455,3.65e-05
96,4550,3.69e-05
97,4646,3.71e-05
98,4742,3.82e-05
99,4840,3.92e-05
100,4939,3.98e-05
101,5039,3.99e-05
102,5140,4.87e-05
103,5242,5.61e-05
104,5345,5.41e-05
105,5449,4.38e-05
106,5554,4.37e-05
107,5660,4.48e-05
108,5767,4.5e-05
109,5874,4.55e-05
110,5983,4.6e-05
111,6092,4.7e-05
112,6203,4.77e-05
113,6315,4.8e-05
114,6428,4.92e-05
115,6542,4.95e-05
116,6657,4.99e-05
117,6773,5.06e-05
118,6890,5.18e-05
119,7008,5.15e-05
120,7127,5.31e-05
121,7247,5.47e-05
122,7368,5.46e-05
123,7490,5.53e-05
124,7613,5.68e-05
125,7737,5.71e-05
126,7862,5.77e-05
127,7988,5.89e-05
128,8115,8.56e-05
129,8243,8.58e-05
130,8372,7.76e-05
131,8502,5.72e-05
132,8633,5.78e-05
133,8765,5.67e-05
134,8898,5.8e-05
135,9032,5.81e-05
136,9167,5.91e-05
137,9303,5.96e-05
138,9440,6.18e-05
139,9578,6.16e-05
140,9717,6.21e-05
141,9857,6.3e-05
142,9998,6.42e-05
143,10140,6.48e-05
144,10283,6.66e-05
145,10427,6.64e-05
146,10572,6.73e-05
147,10718,6.82e-05
148,10865,6.79e-05
149,11013,7.15e-05
150,11162,6.98e-05
151,11312,7.38e-05
152,11463,0.0001141
153,11615,7.46e-05
154,11768,7.63e-05
155,11922,7.59e-05
156,12077,7.63e-05
157,12232,7.66e-05
158,12389,7.9e-05
159,12547,7.87e-05
160,12705,7.95e-05
161,12865,8.04e-05
162,13026,8.18e-05
163,13188,7.99e-05
164,13350,8.05e-05
165,13514,8.1e-05
166,13679,8.3e-05
167,13845,8.35e-05
168,14012,8.72e-05
169,14180,8.76e-05
170,14349,8.54e-05
171,14519,8.27e-05
172,14690,9.35e-05
173,14862,9.34e-05
174,15035,9.34e-05
175,15209,9.05e-05
176,15384,9.21e-05
177,15559,9.25e-05
178,15736,9.3e-05
179,15914,9.44e-05
180,16093,9.56e-05
181,16273,9.7e-05
182,16454,9.81e-05
183,16636,0.0001011
184,16819,0.0001065
185,17003,0.0001055
186,17188,0.0001058
187,17373,0.0001086
188,17560,0.0001104
189,17748,0.0001091
190,17937,0.0001095
191,18127,0.0001108
192,18318,0.0001115
193,18510,0.0001127
194,18703,0.0001152
195,18897,0.0001151
196,19092,0.0001141
197,19288,0.000124
198,19485,0.0001149
199,19683,0.0001154
200,19882,0.0001212
201,20081,0.0001334
202,20282,0.0001221
203,20483,0.0001246
204,20686,0.0001222
205,20890,0.0001221
206,21095,0.0001238
207,21301,0.0001248
208,21508,0.0001254
209,21716,0.0001268
210,21925,0.0001378
211,22135,0.0001292
212,22346,0.000132
213,22558,0.0001402
214,22771,0.0001357
215,22985,0.0001354
216,23200,0.0001347
217,23416,0.000136
218,23633,0.0001375
219,23851,0.0001383
220,24069,0.0001409
221,24289,0.0001471
222,24510,0.0001436
223,24732,0.0001398
224,24955,0.0001916
225,25179,0.00018
226,25404,0.0001608
227,25630,0.0001682
228,25857,0.0001594
229,26085,0.0001572
230,26313,0.0001591
231,26543,0.0001709
232,26774,0.0001502
233,27006,0.000155
234,27239,0.0001638
235,27473,0.0001538
236,27707,0.0001591
237,27941,0.0001572
238,28178,0.000159
239,28416,0.0001602
240,28655,0.0001614
241,28895,0.0001716
242,29136,0.0002312
243,29378,0.0001779
244,29621,0.0001778
245,29865,0.000174
246,30110,0.0001759
247,30356,0.0001764
248,30603,0.0001781
249,30851,0.0001787
250,31100,0.0002158
251,31350,0.0001867
252,31601,0.0001953
253,31853,0.0001873
254,32106,0.0001867
255,32360,0.0001875
256,32615,0.0001892
257,32871,0.0001914
258,33127,0.0001966
259,33385,0.0001932
260,33644,0.0001959
261,33904,0.0001962
262,34165,0.0001983
263,34427,0.0001991
264,34690,0.000201
265,34954,0.000203
266,35219,0.0002125
267,35485,0.000222
268,35752,0.0002247
269,36020,0.0002095
270,36289,0.0002184
271,36559,0.0002119
272,36830,0.0002214
273,37102,0.0002157
274,37375,0.0002145
275,37649,0.0003066
276,37924,0.0002469
277,38200,0.0002348
278,38477,0.0002274
279,38754,0.0002275
280,39033,0.000238
281,39313,0.0002311
282,39594,0.0002613
283,39876,0.0002344
284,40159,0.0002353
285,40443,0.0002367
286,40728,0.0002377
287,41014,0.0002523
288,41301,0.0002899
289,41589,0.0002441
290,41877,0.0002527
291,42167,0.0002427
292,42458,0.000292
293,42750,0.0002484
294,43043,0.000247
295,43337,0.0002465
296,43632,0.000277
297,43928,0.0002512
298,44225,0.0003472
299,44523,0.0002417
300,44822,0.000241
301,45121,0.0002415
302,45422,0.0002458
303,45723,0.0002545
304,46026,0.0002641
305,46330,0.0002508
306,46635,0.0002491
307,46941,0.0002511
308,47248,0.0002554
309,47556,0.0002639
310,47865,0.0002932
311,48175,0.000286
312,48486,0.0002731
313,48797,0.0002716
314,49110,0.0002738
315,49424,0.000277
316,49739,0.0003049
317,50055,0.0002835
318,50372,0.0002814
319,50690,0.0002824
320,51009,0.0002936
321,51329,0.0002976
322,51650,0.0003088
323,51972,0.0002899
324,52295,0.0002916
325,52619,0.0002931
326,52943,0.0003043
327,53269,0.0003012
328,53596,0.0002866
329,53924,0.0002841
330,54253,0.0002837
331,54583,0.000306
332,54914,0.0002988
333,55246,0.0002984
334,55579,0.0002889
335,55913,0.0002943
336,56247,0.0002957
337,56583,0.0003112
338,56920,0.0003479
339,57257,0.0003071
340,57596,0.0003059
341,57936,0.0003051
342,58277,0.0003218
343,58619,0.0003645
344,58962,0.0003286
345,59306,0.0003214
346,59651,0.0003288
347,59997,0.0003305
348,60344,0.0003241
349,60692,0.0003412
350,61041,0.0003324
351,61391,0.0003447
352,61742,0.0003331
353,62094,0.0003493
354,62447,0.0003329
355,62801,0.0003402
356,63155,0.0003491
357,63511,0.0003566
358,63868,0.0003455
359,64226,0.0003471
360,64585,0.0003443
361,64945,0.0003605
362,65306,0.0003609
363,65668,0.0003558
364,66031,0.0003518
365,66395,0.0003781
366,66760,0.000407
367,67126,0.0003826
368,67493,0.0004017
369,67861,0.000393
370,68230,0.0003769
371,68600,0.0004096
372,68971,0.0003838
373,69343,0.0003762
374,69716,0.0003817
375,70090,0.0004001
376,70465,0.0003756
377,70841,0.0003822
378,71218,0.0003886
379,71596,0.0004018
380,71975,0.0003841
381,72355,0.0003907
382,72736,0.000397
383,73118,0.0004108
384,73501,0.000397
385,73885,0.0004205
386,74270,0.0004177
387,74655,0.0004349
388,75042,0.0004139
389,75430,0.0004426
390,75819,0.0004598
391,76209,0.0004984
392,76600,0.000422
393,76992,0.0004389
394,77385,0.0004669
395,77779,0.0004216
396,78174,0.0004266
397,78570,0.000418
398,78967,0.0004275
399,79365,0.0004292
400,79764,0.0004237
401,80164,0.0004357
402,80565,0.000494
403,80967,0.0004371
404,81370,0.0004511
405,81774,0.0004673
406,82179,0.0004624
407,82584,0.0004403
408,82991,0.0004549
409,83399,0.0004736
410,83808,0.0004453
411,84218,0.0004516
412,84629,0.0004507
413,85041,0.0004615
414,85454,0.000454
415,85868,0.0004663
416,86283,0.0004771
417,86699,0.0004746
418,87116,0.0004859
419,87533,0.0004785
420,87952,0.000473
421,88372,0.000478
422,88793,0.0005989
423,89215,0.000555
424,89638,0.0005063
425,90062,0.0005134
426,90487,0.0006082
427,90913,0.0005271
428,91340,0.0005667
429,91768,0.0005095
430,92197,0.000507
431,92627,0.0005259
432,93058,0.0005266
433,93490,0.000514
434,93923,0.0005163
435,94356,0.0005365
436,94789,0.0005147
437,95225,0.0005758
438,95661,0.0005536
439,96099,0.0005211
440,96538,0.0005284
441,96978,0.0005568
442,97419,0.0005166
443,97860,0.0005283
444,98303,0.0005619
445,98747,0.000538
446,99192,0.0005499
447,99638,0.0005494
448,100085,0.0005302
449,100533,0.0005422
450,100982,0.0005707
451,101432,0.0005517
452,101883,0.0005709
453,102335,0.0006379
454,102788,0.0005925
455,103242,0.0006998
456,103697,0.0005724
457,104152,0.0005759
458,104609,0.0005894
459,105066,0.000573
460,105521,0.0005757
461,105977,0.0005871
462,106438,0.0005646
463,106900,0.0005892
464,107363,0.0005897
465,107827,0.0005707
466,108292,0.0005988
467,108758,0.0005762
468,109225,0.0005894
469,109693,0.000603
470,110162,0.0005834
471,110632,0.0006086
472,111103,0.0006489
473,111575,0.0006064
474,112048,0.000647
475,112522,0.0006098
476,112996,0.0006184
477,113472,0.0006174
478,113948,0.000635
479,114426,0.0006154
480,114904,0.0006183
481,115384,0.0006105
482,115864,0.0006362
483,116344,0.000616
484,116827,0.0006274
485,117311,0.0006344
486,117796,0.0006147
487,118282,0.0006389
488,118769,0.0006358
489,119257,0.0006365
490,119746,0.0006613
491,120236,0.0006271
492,120727,0.0006479
493,121219,0.0006431
494,121712,0.0006507
495,122206,0.0006653
496,122701,0.0006597
497,123197,0.0007039
498,123694,0.0006637
499,124192,0.0006558
500,124691,0.0008745
501,125191,0.0006681
502,125692,0.0007934
503,126194,0.0006867
504,126697,0.0007199
505,127201,0.0006661
506,127706,0.0006986
507,128212,0.000685
508,128719,0.0007781
509,129227,0.0008116
510,129736,0.0007482
511,130246,0.0007087
512,130757,0.0007018
513,131269,0.0008313
514,131782,0.0007323
515,132296,0.0008327
516,132811,0.000707
517,133327,0.0009296
518,133844,0.0007357
519,134362,0.0008117
520,134881,0.0007748
521,135401,0.0007967
522,135922,0.0010268
523,136444,0.0008742
524,136967,0.0007703
525,137491,0.0007965
526,138016,0.0007566
527,138542,0.0009494
528,139069,0.0008599
529,139597,0.0008067
530,140126,0.000794
531,140656,0.000815
532,141187,0.0008221
533,141719,0.0008436
534,142252,0.0008069
535,142786,0.0008338
536,143321,0.0007958
537,143857,0.0008924
538,144394,0.0008299
539,144932,0.0008415
540,145471,0.0008368
541,146010,0.0008688
542,146551,0.0008832
543,147093,0.0008665
544,147636,0.0008443
545,148180,0.0008143
546,148725,0.0010415
547,149271,0.0008331
548,149818,0.0008633
549,150366,0.0008401
550,150915,0.0010795
551,151465,0.0008648
552,152016,0.0009479
553,152568,0.0008945
554,153121,0.0008533
555,153675,0.0009903
556,154230,0.0008484
557,154786,0.0008754
558,155343,0.0008551
559,155901,0.0009431
560,156460,0.0008915
561,157020,0.0009114
562,157581,0.0008841
563,158143,0.001102
564,158706,0.0008994
565,159270,0.0008718
566,159835,0.0008753
567,160400,0.0011243
568,160967,0.0009014
569,161535,0.0008828
570,162104,0.0008667
571,162674,0.000976
572,163245,0.0010527
573,163816,0.0009627
574,164389,0.000919
575,164963,0.0009918
576,165538,0.0009223
577,166114,0.000909
578,166691,0.0009395
579,167269,0.000902
580,167848,0.0010985
581,168428,0.0009367
582,169009,0.0009448
583,169590,0.001
584,170173,0.0009326
585,170760,0.0011153
586,171345,0.0009896
587,171931,0.0010415
588,172518,0.0010599
589,173106,0.0010137
590,173695,0.0010083
591,174285,0.0013007
592,174876,0.0009692
593,175468,0.0009778
594,176061,0.000986
595,176655,0.0009932
596,177250,0.0010017
597,177846,0.0009858
598,178443,0.0009896
599,179041,0.0010802
600,179640,0.0010618
601,180240,0.0011191
602,180841,0.0010254
603,181443,0.0010403
604,182046,0.0010401
605,182650,0.0010192
606,183255,0.0009957
607,183861,0.0011571
608,184468,0.0010648
609,185076,0.0009908
610,185685,0.0010901
611,186295,0.001054
612,186905,0.0010413
613,187515,0.0010414
614,188128,0.0011248
615,188742,0.0011533
616,189357,0.0010592
617,189973,0.0010348
618,190590,0.0011293
619,191208,0.0010929
620,191827,0.0010445
621,192447,0.0011198
622,193067,0.001161
623,193689,0.0010832
624,194312,0.0010909
625,194936,0.0012205
626,195561,0.0011312
627,196187,0.0010611
628,196814,0.0012691
629,197442,0.0011192
630,198071,0.0011377
631,198701,0.0013628
632,199332,0.0012391
633,199964,0.0010878
634,200597,0.0010857
635,201231,0.001304
636,201866,0.0011044
637,202502,0.0016322
638,203139,0.0013352
639,203777,0.0011824
640,204416,0.0013596
641,205056,0.0013301
642,205697,0.0011496
643,206339,0.0011339
644,206982,0.0011363
645,207626,0.0011716
646,208271,0.0011082
647,208917,0.0011168
648,209564,0.0011342
649,210212,0.0011074
650,210861,0.0011091
651,211511,0.0011697
652,212162,0.0011405
653,212814,0.0011177
654,213467,0.0012262
655,214121,0.0011807
656,214776,0.0011371
657,215432,0.0011387
658,216089,0.001154
659,216747,0.0011419
660,217405,0.0011581
661,218065,0.0011704
662,218726,0.0011441
663,219388,0.0011116
664,220051,0.0011674
665,220715,0.0011482
666,221380,0.0011245
667,222046,0.0011367
668,222713,0.0013018
669,223381,0.0012446
670,224050,0.0012007
671,224720,0.001174
672,225382,0.0011763
673,226049,0.0011838
674,226722,0.0011919
675,227396,0.0012035
676,228071,0.0011952
677,228747,0.0011606
678,229424,0.001177
679,230102,0.0012402
680,230780,0.0012159
681,231460,0.0013066
682,232141,0.0012082
683,232822,0.0012655
684,233505,0.0012588
685,234189,0.0012079
686,234874,0.0012474
687,235559,0.0014879
688,236246,0.0012998
689,236934,0.0012651
690,237622,0.0012364
691,238312,0.0012666
692,239003,0.0012571
693,239695,0.0012992
694,240388,0.0013244
695,241082,0.0013153
696,241777,0.0012717
697,242473,0.0013231
698,243169,0.001292
699,243867,0.0012913
700,244566,0.0012676
701,245266,0.0013229
702,245967,0.0013047
703,246669,0.0013439
704,247372,0.0012875
705,248076,0.001628
706,248780,0.0014308
707,249486,0.0013879
708,250193,0.0013458
709,250901,0.0013377
710,251610,0.0013505
711,252320,0.0014013
712,253031,0.001352
713,253743,0.0013261
714,254456,0.0013269
715,255170,0.0013123
716,255885,0.0013164
717,256601,0.0016068
718,257318,0.0013519
719,258035,0.0013816
720,258754,0.0013678
721,259474,0.0013558
722,260195,0.001334
723,260917,0.0013291
724,261640,0.0013463
725,262364,0.0014268
726,263089,0.0013611
727,263815,0.0013784
728,264542,0.0016463
729,265270,0.0014141
730,265999,0.0018044
731,266729,0.0014627
732,267460,0.0014464
733,268191,0.0014487
734,268922,0.0014278
735,269656,0.0014444
736,270391,0.0014161
737,271126,0.0014014
738,271861,0.0015264
739,272599,0.0016323
740,273338,0.0014743
741,274078,0.0014788
742,274819,0.0014384
743,275561,0.0014564
744,276303,0.0014522
745,277045,0.0014365
746,277791,0.0014223
747,278537,0.0014278
748,279284,0.0014993
749,280032,0.00172
750,280781,0.0014919
751,281531,0.0015043
752,282282,0.0014832
753,283034,0.0015172
754,283787,0.0015835
755,284541,0.001496
756,285296,0.0014585
757,286052,0.0014711
758,286809,0.0014622
759,287567,0.001544
760,288325,0.0017793
761,289085,0.0015179
762,289845,0.0014881
763,290607,0.0014925
764,291370,0.0015002
765,292134,0.0014898
766,292899,0.0015529
767,293665,0.00153
768,294432,0.0015157
769,295200,0.0015468
770,295969,0.001632
771,296739,0.0017209
772,297510,0.001708
773,298281,0.0016129
774,299054,0.001588
775,299828,0.0015616
776,300602,0.0015716
777,301376,0.0016348
778,302150,0.001592
779,302928,0.0015725
780,303707,0.0017471
781,304487,0.0016263
782,305268,0.001608
783,306050,0.0016187
784,306833,0.0016
785,307617,0.0015721
786,308402,0.0016265
787,309188,0.0015885
788,309975,0.0015787
789,310763,0.0018703
790,311552,0.0017491
791,312342,0.0016312
792,313133,0.0016495
793,313925,0.0016499
794,314718,0.0016256
795,315512,0.001613
796,316307,0.0016146
797,317103,0.0016463
798,317900,0.0016316
799,318698,0.0017625
800,319497,0.0016927
801,320297,0.0017049
802,321098,0.0016586
803,321900,0.0016511
804,322703,0.0016699
805,323507,0.0017062
806,324312,0.0018163
807,325118,0.0017015
808,325925,0.001813
809,326733,0.0017509
810,327542,0.0017693
811,328352,0.0017251
812,329163,0.0017218
813,329975,0.0017271
814,330788,0.0017024
815,331602,0.0017429
816,332417,0.0016985
817,333233,0.0020389
818,334050,0.0017571
819,334868,0.0017712
820,335687,0.0017555
821,336507,0.0017534
822,337328,0.0017555
823,338150,0.0017994
824,338973,0.0017583
825,339797,0.001726
826,340622,0.0020564
827,341448,0.0018176
828,342275,0.0018033
829,343103,0.0017857
830,343932,0.0017585
831,344761,0.001775
832,345592,0.0017764
833,346424,0.001799
834,347257,0.0017768
835,348091,0.0020326
836,348926,0.0017998
837,349762,0.0018274
838,350599,0.0018349
839,351437,0.0019012
840,352276,0.0019057
841,353116,0.0019039
842,353957,0.0018479
843,354799,0.0020192
844,355642,0.0018909
845,356486,0.0018864
846,357331,0.0018583
847,358177,0.0018337
848,359024,0.0018433
849,359872,0.0018528
850,360721,0.001836
851,361571,0.001855
852,362422,0.0019857
853,363274,0.0019406
854,364127,0.0020771
855,364981,0.0019558
856,365836,0.002121
857,366692,0.0019429
858,367549,0.0020749
859,368407,0.0020637
860,369263,0.0020784
861,370123,0.0023721
862,370984,0.002211
863,371846,0.0023071
864,372709,0.0020186
865,373573,0.002455
866,374438,0.0020142
867,375304,0.0021637
868,376171,0.0022412
869,377039,0.0022842
870,377908,0.002202
871,378778,0.0021686
872,379649,0.0022272
873,380520,0.0023273
874,381393,0.0023288
875,382267,0.0022303
876,383142,0.0024911
877,384018,0.0025103
878,384895,0.0021952
879,385773,0.0023835
880,386652,0.0021864
881,387532,0.0023765
882,388413,0.0024581
883,389295,0.0022599
884,390178,0.0023927
885,391062,0.0022193
886,391947,0.0022299
887,392833,0.0023076
888,393720,0.0022226
889,394608,0.0022471
890,395497,0.0023097
891,396387,0.002302
892,397278,0.0022562
893,398170,0.002298
894,399063,0.002482
895,399957,0.0024532
896,400852,0.0024104
897,401748,0.0023554
898,402645,0.0025186
899,403543,0.0024618
900,404442,0.0024591
901,405342,0.0025309
902,406243,0.0023872
903,407166,0.0023273
904,408071,0.0023398
905,408975,0.0022953
906,409880,0.0024786
907,410786,0.0024108
908,411693,0.0022779
909,412601,0.0025741
910,413510,0.0022846
911,414420,0.0025358
912,415331,0.0022446
913,416243,0.0022322
914,417156,0.002193
915,418070,0.0022392
916,418985,0.0022974
917,419901,0.0021712
918,420818,0.0023286
919,421736,0.0024306
920,422655,0.0022972
921,423575,0.0022259
922,424496,0.0022646
923,425418,0.0022552
924,426340,0.0023006
925,427264,0.0023885
926,428189,0.002331
927,429115,0.0022628
928,430042,0.0022248
929,430970,0.0023092
930,431899,0.0021959
931,432828,0.0022755
932,433759,0.0023224
933,434691,0.0022518
934,435624,0.0022357
935,436558,0.0022408
936,437493,0.0022531
937,438429,0.0022146
938,439366,0.0024549
939,440304,0.0022777
940,441243,0.0022665
941,442183,0.0022773
942,443124,0.0022616
943,444066,0.0023139
944,445009,0.0023341
945,445950,0.0026744
946,446868,0.002465
947,447814,0.0023412
948,448761,0.0023641
949,449708,0.0023037
950,450657,0.0023336
951,451607,0.0023728
952,452557,0.0026384
953,453509,0.0023607
954,454462,0.0024152
955,455416,0.0023996
956,456371,0.0023449
957,457327,0.0023937
958,458284,0.0026734
959,459242,0.0024212
960,460201,0.0024079
961,461161,0.0025552
962,462122,0.0024305
963,463084,0.0023677
964,464047,0.0024306
965,465011,0.0026779
966,465976,0.0024518
967,466942,0.0024277
968,467909,0.0024257
969,468877,0.0026296
970,469845,0.002466
971,470813,0.0026896
972,471781,0.0025312
973,472753,0.0024813
974,473726,0.002472
975,474699,0.0025184
976,475672,0.0024292
977,476648,0.0026494
978,477625,0.0025735
979,478602,0.0025113
980,479581,0.0024641
981,480561,0.0024529
982,481542,0.0024588
983,482524,0.0024985
984,483507,0.0026823
985,484493,0.0025807
986,485499,0.0024829
987,486485,0.0024755
988,487472,0.0024751
989,488460,0.0024877
990,489449,0.0026655
991,490439,0.0025589
992,491430,0.0025256
993,492422,0.0026688
994,493415,0.0025978
995,494409,0.002614
996,495404,0.0028298
997,496400,0.0026777
998,497397,0.0026137
999,498394,0.0025669
1000,499393,0.0025721
1001,500393,0.0025433
1002,501394,0.0027526
1003,502396,0.0026773
1004,503399,0.0026136
1005,504403,0.002591
1006,505408,0.0025833
1007,506414,0.0026284
1008,507421,0.0027883
1009,508429,0.0027351
1010,509438,0.0026548
1011,510448,0.0026024
1012,511459,0.0026074
1013,512471,0.0026713
1014,513484,0.0028908
1015,514498,0.0027403
1016,515513,0.0027184
1017,516529,0.0026979
1018,517546,0.002757
1019,518564,0.0026763
1020,519583,0.0027449
1021,520602,0.0027696
1022,521623,0.0027054
1023,522626,0.0026551
1024,523642,0.0026675
1025,524666,0.0027506
1026,525691,0.0027766
1027,526717,0.0027318
1028,527744,0.0027039
1029,528772,0.0026953
1030,529801,0.0027062
1031,530831,0.0027838
1032,531862,0.0027441
1033,532894,0.0027594
1034,533927,0.0029633
1035,534961,0.0028041
1036,535996,0.0028525
1037,537032,0.0028938
1038,538069,0.0032203
1039,539107,0.0029861
1040,540146,0.0029592
1041,541185,0.0029718
1042,542226,0.0032118
1043,543267,0.0030061
1044,544310,0.0032207
1045,545354,0.0030308
1046,546399,0.0030515
1047,547445,0.0031661
1048,548491,0.0032929
1049,549537,0.0032534
1050,550586,0.003468
1051,551636,0.0034306
1052,552687,0.0032746
1053,553739,0.0033993
1054,554792,0.0031011
1055,555846,0.0032651
1056,556915,0.0034777
1057,557978,0.0033943
1058,559035,0.0049418
1059,560093,0.0041347
1060,561152,0.0033624
1061,562212,0.0033123
1062,563273,0.0032336
1063,564335,0.003316
1064,565398,0.0032107
1065,566462,0.0033077
1066,567527,0.004157
1067,568593,0.0054885
1068,569660,0.0037378
1069,570728,0.0033783
1070,571797,0.0035926
1071,572867,0.0035402
1072,573938,0.0036721
1073,575010,0.0038107
1074,576083,0.0035477
1075,577156,0.0051356
1076,578231,0.0039394
1077,579307,0.0032198
1078,580384,0.0031848
1079,581462,0.0030346
1080,582541,0.0033009
1081,583621,0.0031361
1082,584702,0.003085
1083,585788,0.0029983
1084,586879,0.0030641
1085,587963,0.0032375
1086,589048,0.0030638
1087,590134,0.0030725
1088,591220,0.0030327
1089,592308,0.0032186
1090,593397,0.0031227
1091,594487,0.0032062
1092,595578,0.0031545
1093,596670,0.0030581
1094,597763,0.0031222
1095,598857,0.0030633
1096,599952,0.003381
1097,601048,0.0031093
1098,602145,0.0030451
1099,603242,0.0031216
1100,604341,0.0030069
1101,605440,0.0033788
1102,606541,0.0031529
1103,607643,0.0030985
1104,608746,0.0031001
1105,609849,0.0030027
1106,610954,0.0032572
1107,612060,0.0031232
1108,613167,0.0034746
1109,614275,0.0031348
1110,615384,0.0031712
1111,616494,0.0033641
1112,617605,0.0032324
1113,618717,0.0031658
1114,619830,0.0031616
1115,620934,0.0031653
1116,622049,0.003402
1117,623165,0.0031555
1118,624282,0.00319
1119,625400,0.0031944
1120,626519,0.0033329
1121,627639,0.0035197
1122,628760,0.0033577
1123,629882,0.0033258
1124,631005,0.0033249
1125,632129,0.003394
1126,633254,0.0040675
1127,634380,0.0033641
1128,635507,0.0033284
1129,636635,0.0035258
1130,637764,0.0034987
1131,638893,0.0034034
1132,640024,0.0032979
1133,641156,0.0032511
1134,642289,0.003641
1135,643423,0.0034373
1136,644558,0.0033163
1137,645694,0.0033087
1138,646831,0.0033433
1139,647969,0.0034719
1140,649108,0.0033288
1141,650247,0.0035092
1142,651386,0.0033215
1143,652525,0.0034473
1144,653676,0.0037121
1145,654824,0.003465
1146,655969,0.0034416
1147,657114,0.0033349
1148,658261,0.0035319
1149,659409,0.003418
1150,660558,0.0033789
1151,661708,0.0033876
1152,662858,0.0034675
1153,664010,0.0036359
1154,665163,0.0034405
1155,666317,0.0034464
1156,667472,0.0033951
1157,668627,0.0037266
1158,669784,0.0034541
1159,670942,0.0033983
1160,672100,0.0039564
1161,673260,0.0034848
1162,674421,0.0038872
1163,675583,0.0035223
1164,676746,0.0034845
1165,677910,0.0035706
1166,679075,0.0038949
1167,680241,0.0035835
1168,681408,0.0035644
1169,682576,0.0034857
1170,683745,0.0039208
1171,684915,0.0040672
1172,686095,0.0039963
1173,687267,0.0040492
1174,688439,0.0040928
1175,689613,0.0037602
1176,690788,0.0039142
1177,691964,0.004149
1178,693141,0.0040457
1179,694319,0.0039213
1180,695498,0.0040124
1181,696678,0.0041019
1182,697859,0.0040622
1183,699041,0.0040394
1184,700224,0.004043
1185,701408,0.0042787
1186,702593,0.0039249
1187,703779,0.0040572
1188,704966,0.0039113
1189,706154,0.0039897
1190,707343,0.0041882
1191,708533,0.0040174
1192,709723,0.0041711
1193,710915,0.0042131
1194,712107,0.0039314
1195,713301,0.003974
1196,714497,0.0040239
1197,715697,0.0042699
1198,716894,0.0040651
1199,718092,0.0039449
1200,719291,0.0041571
1201,720491,0.0041193
1202,721692,0.0041833
1203,722894,0.0041325
1204,724097,0.003942
1205,725301,0.0038438
1206,726506,0.003947
1207,727712,0.0037696
1208,728919,0.0039325
1209,730127,0.0038709
1210,731336,0.0037609
1211,732546,0.0037082
1212,733757,0.0039811
1213,734969,0.0037325
1214,736182,0.0036949
1215,737396,0.0037956
1216,738610,0.0041027
1217,739826,0.0039142
1218,741043,0.003912
1219,742261,0.0038807
1220,743479,0.0041288
1221,744694,0.004354
1222,745911,0.0038623
1223,747133,0.0038752
1224,748356,0.0040875
1225,749580,0.0038237
1226,750805,0.0038118
1227,752031,0.0037208
1228,753257,0.0041116
1229,754485,0.0038291
1230,755714,0.0038848
1231,756944,0.0038343
1232,758175,0.0040203
1233,759407,0.0039238
1234,760640,0.0038662
1235,761874,0.0038939
1236,763109,0.0040903
1237,764345,0.0042352
1238,765581,0.0038676
1239,766819,0.0039567
1240,768058,0.0042623
1241,769298,0.0041064
1242,770539,0.0038509
1243,771781,0.0038061
1244,773024,0.0039959
1245,774268,0.0039469
1246,775513,0.0039552
1247,776760,0.0039507
1248,778006,0.004066
1249,779254,0.0040294
1250,780503,0.003926
1251,781753,0.0041329
1252,783004,0.0040995
1253,784256,0.0040796
1254,785509,0.0040059
1255,786763,0.0040482
1256,788018,0.0042387
1257,789274,0.0041431
1258,790531,0.004014
1259,791789,0.0040376
1260,793048,0.0043671
1261,794308,0.0040745
1262,795569,0.0040479
1263,796831,0.0040846
1264,798093,0.0043703
1265,799357,0.0043996
1266,800622,0.0043331
1267,801888,0.0042907
1268,803155,0.0042546
1269,804423,0.004149
1270,805688,0.0041115
1271,806929,0.0042746
1272,808200,0.0042527
1273,809472,0.0041271
1274,810745,0.0041249
1275,812019,0.0043357
1276,813294,0.0042299
1277,814569,0.0041443
1278,815846,0.0041489
1279,817123,0.0044196
1280,818402,0.0043591
1281,819682,0.0042394
1282,820963,0.0042449
1283,822245,0.0043167
1284,823528,0.004433
1285,824812,0.0045045
1286,826097,0.004456
1287,827383,0.004705
1288,828670,0.0047103
1289,829958,0.0047994
1290,831247,0.0044781
1291,832537,0.0045783
1292,833828,0.0045659
1293,835132,0.0048339
1294,836438,0.0046216
1295,837732,0.0049366
1296,839027,0.0049247
1297,840323,0.0047269
1298,841620,0.0046515
1299,842918,0.0046376
1300,844217,0.0049141
1301,845517,0.005042
1302,846818,0.0054524
1303,848120,0.005059
1304,849423,0.0048288
1305,850726,0.0050797
1306,852031,0.0046694
1307,853337,0.0047135
1308,854644,0.0049411
1309,855952,0.0049389
1310,857261,0.0046913
1311,858571,0.0047254
1312,859882,0.0045055
1313,861194,0.0044498
1314,862498,0.0046828
1315,863810,0.0043944
1316,865125,0.0043077
1317,866440,0.004278
1318,867757,0.0048025
1319,869075,0.0045395
1320,870394,0.0044177
1321,871714,0.0047053
1322,873035,0.0045214
1323,874356,0.0044137
1324,875679,0.0043124
1325,877003,0.0046674
1326,878328,0.0043733
1327,879653,0.0043978
1328,880980,0.0044654
1329,882308,0.0048357
1330,883637,0.0045354
1331,884967,0.0051727
1332,886298,0.0050258
1333,887629,0.0045734
1334,888962,0.0045638
1335,890297,0.0049623
1336,891640,0.0045573
1337,892976,0.0044912
1338,894313,0.0043652
1339,895651,0.0049125
1340,896989,0.0044865
1341,898329,0.0044692
1342,899670,0.0048183
1343,901012,0.0047788
1344,902355,0.004907
1345,903699,0.0048892
1346,905044,0.0045934
1347,906390,0.0046584
1348,907737,0.0044854
1349,909085,0.0049295
1350,910434,0.0044736
1351,911784,0.0044886
1352,913135,0.0048047
1353,914487,0.0045539
1354,915840,0.0045656
1355,917194,0.0045364
1356,918549,0.0053242
1357,919883,0.0047319
1358,921240,0.0046036
1359,922598,0.0048778
1360,923957,0.0046359
1361,925317,0.00463
1362,926678,0.0047119
1363,928040,0.0046838
1364,929403,0.0045864
1365,930767,0.0046086
1366,932132,0.0048704
1367,933498,0.0050854
1368,934864,0.0046499
1369,936232,0.0049359
1370,937601,0.0048693
1371,938971,0.0047729
1372,940342,0.0049571
1373,941714,0.0048556
1374,943087,0.0046806
1375,944461,0.0046679
1376,945836,0.0047832
1377,947212,0.0047095
1378,948594,0.0046429
1379,949972,0.0050354
1380,951351,0.0049056
1381,952731,0.0052712
1382,954112,0.0052987
1383,955494,0.0054074
1384,956877,0.0056521
1385,958261,0.0053564
1386,959646,0.0053937
1387,961032,0.0053009
1388,962419,0.0052709
1389,963807,0.0052588
1390,965196,0.0051822
1391,966586,0.0056058
1392,967977,0.0070804
1393,969369,0.0062321
1394,970762,0.005774
1395,972156,0.0055951
1396,973541,0.0056181
1397,974935,0.0054326
1398,976332,0.0054208
1399,977730,0.0052351
1400,979129,0.0053408
1401,980529,0.0056745
1402,981930,0.006088
1403,983332,0.00577
1404,984735,0.0054443
1405,986139,0.0057502
1406,987544,0.0059267
1407,988950,0.0053994
1408,990357,0.005182
1409,991765,0.0051143
1410,993174,0.0050418
1411,994584,0.004926
1412,995994,0.0050012
1413,997404,0.0049958
1414,998825,0.0051038
1415,1000252,0.0049508
1416,1001667,0.0051133
1417,1003083,0.0049061
1418,1004500,0.0049134
1419,1005918,0.0050997
1420,1007337,0.0049648
1421,1008757,0.0049544
1422,1010178,0.0052958
1423,1011600,0.00499
1424,1013023,0.0050543
1425,1014447,0.005338
1426,1015872,0.0052218
1427,1017298,0.0050581
1428,1018725,0.0054544
1429,1020153,0.0052601
1430,1021582,0.0052193
1431,1023012,0.0055255
1432,1024443,0.005415
1433,1025874,0.0053016
1434,1027298,0.005416
1435,1028732,0.0052707
1436,1030167,0.0052476
1437,1031603,0.0059513
1438,1033040,0.0054769
1439,1034478,0.0053953
1440,1035917,0.0053574
1441,1037356,0.0051919
1442,1038797,0.0051126
1443,1040239,0.0053182
1444,1041682,0.0053151
1445,1043126,0.0051204
1446,1044571,0.0055484
1447,1046017,0.0051649
1448,1047464,0.0054303
1449,1048912,0.0054635
1450,1050361,0.0053067
1451,1051811,0.0052777
1452,1053263,0.0054814
1453,1054717,0.0051819
1454,1056170,0.0051378
1455,1057624,0.005453
1456,1059079,0.0051794
1457,1060535,0.0051651
1458,1061992,0.0053724
1459,1063450,0.0055811
1460,1064909,0.0053544
1461,1066369,0.0055616
1462,1067830,0.0053153
1463,1069291,0.0052573
1464,1070754,0.0055175
1465,1072218,0.0055856
1466,1073683,0.0058586
1467,1075149,0.0056628
1468,1076615,0.0058632
1469,1078083,0.0060605
1470,1079559,0.0067865
1471,1081035,0.0062186
1472,1082506,0.0065864
1473,1083978,0.0064791
1474,1085451,0.0061268
1475,1086925,0.0059505
1476,1088400,0.0059958
1477,1089875,0.0060662
1478,1091352,0.0059086
1479,1092830,0.0060145
1480,1094309,0.0062303
1481,1095789,0.0063717
1482,1097270,0.0061342
1483,1098752,0.0059037
1484,1100235,0.0059865
1485,1101719,0.0060992
1486,1103197,0.0059888
1487,1104674,0.0058462
1488,1106161,0.0056143
1489,1107648,0.00586
1490,1109137,0.0056717
1491,1110627,0.0058679
1492,1112118,0.0056035
1493,1113610,0.0054556
1494,1115103,0.0056148
1495,1116597,0.0055235
1496,1118092,0.005521
1497,1119588,0.005712
1498,1121085,0.0055311
1499,1122583,0.0056108
1500,1124082,0.0058383
1501,1125582,0.0056074
1502,1127083,0.0055549
1503,1128585,0.0058043
1504,1130103,0.0056166
1505,1131612,0.0055606
1506,1133117,0.005737
1507,1134623,0.005663
1508,1136130,0.0056631
1509,1137638,0.0057082
1510,1139147,0.0057435
1511,1140657,0.0060953
1512,1142168,0.005802
1513,1143680,0.0056722
1514,1145193,0.0059646
1515,1146707,0.0056435
1516,1148222,0.0056363
1517,1149738,0.0057929
1518,1151254,0.0056213
1519,1152772,0.0057989
1520,1154291,0.0057893
1521,1155801,0.0058905
1522,1157312,0.0059443
1523,1158834,0.0058766
1524,1160357,0.0056995
1525,1161881,0.0060035
1526,1163406,0.0056734
1527,1164932,0.0057816
1528,1166459,0.0059675
1529,1167987,0.0057963
1530,1169516,0.0058118
1531,1171046,0.0061737
1532,1172576,0.0058356
1533,1174108,0.0059717
1534,1175641,0.005887
1535,1177175,0.0057501
1536,1178710,0.0062619
1537,1180246,0.0057272
1538,1181792,0.0059659
1539,1183337,0.0058492
1540,1184876,0.0057987
1541,1186415,0.0062562
1542,1187956,0.0065475
1543,1189498,0.006753
1544,1191041,0.0063988
1545,1192585,0.0065359
1546,1194130,0.0067184
1547,1195675,0.0064481
1548,1197222,0.0065633
1549,1198770,0.0065187
1550,1200319,0.0068821
1551,1201869,0.0066711
1552,1203420,0.0066346
1553,1204968,0.006516
1554,1206505,0.0065604
1555,1208059,0.0064293
1556,1209614,0.0064585
1557,1211170,0.0064773
1558,1212727,0.0066405
1559,1214285,0.0067413
1560,1215844,0.0066944
1561,1217404,0.0067517
1562,1218965,0.0066436
1563,1220527,0.0061632
1564,1222090,0.006329
1565,1223654,0.0062286
1566,1225219,0.0059929
1567,1226785,0.0062233
1568,1228352,0.0060466
1569,1229901,0.0064238
1570,1231463,0.006149
1571,1233033,0.0059813
1572,1234604,0.0062378
1573,1236176,0.0060422
1574,1237749,0.0061873
1575,1239323,0.0062116
1576,1240898,0.0060695
1577,1242474,0.0063309
1578,1244051,0.0065801
1579,1245629,0.0061969
1580,1247208,0.0066053
1581,1248788,0.0062897
1582,1250369,0.0063571
1583,1251951,0.0062071
1584,1253534,0.0062913
1585,1255138,0.0063996
1586,1256728,0.0062244
1587,1258314,0.0067319
1588,1259901,0.0064397
1589,1261489,0.0063826
1590,1263078,0.0062991
1591,1264667,0.0062029
1592,1266258,0.0064648
1593,1267849,0.0062686
1594,1269442,0.0063729
1595,1271036,0.0062694
1596,1272630,0.0062143
1597,1274226,0.006758
1598,1275823,0.0063661
1599,1277421,0.0063842
1600,1279017,0.006374
1601,1280607,0.0062955
1602,1282208,0.0065178
1603,1283810,0.0062219
1604,1285413,0.0063577
1605,1287017,0.0065415
1606,1288622,0.0065007
1607,1290228,0.0065829
1608,1291835,0.0063708
1609,1293443,0.0065938
1610,1295052,0.0062846
1611,1296662,0.0063086
1612,1298273,0.0066558
1613,1299884,0.006787
1614,1301497,0.0069056
1615,1303111,0.0071101
1616,1304742,0.0071162
1617,1306358,0.0072722
1618,1307975,0.0071151
1619,1309593,0.006929
1620,1311212,0.0072956
1621,1312832,0.0073117
1622,1314453,0.0071017
1623,1316075,0.0072925
1624,1317698,0.0078644
1625,1319322,0.0073874
1626,1320947,0.0075934
1627,1322573,0.0076614
1628,1324200,0.0075899
1629,1325817,0.007603
1630,1327436,0.0075749
1631,1329066,0.0073044
1632,1330697,0.0070122
1633,1332329,0.0071622
1634,1333962,0.0065541
1635,1335596,0.0068931
1636,1337231,0.0065384
1637,1338867,0.0073781
1638,1340504,0.0073039
1639,1342142,0.0082643
1640,1343781,0.0091452
1641,1345421,0.0093029
1642,1347070,0.0083829
1643,1348731,0.0093605
1644,1350374,0.0087117
1645,1352018,0.0091277
1646,1353663,0.0094253
1647,1355309,0.0081123
1648,1356955,0.0070257
1649,1358601,0.0074019
1650,1360250,0.0065967
1651,1361900,0.0068928
1652,1363551,0.0068559
1653,1365203,0.0070404
1654,1366856,0.0070638
1655,1368484,0.0077442
1656,1370121,0.0074005
1657,1371777,0.0072182
1658,1373434,0.0071909
1659,1375092,0.0069081
1660,1376751,0.0070934
1661,1378411,0.0069041
1662,1380071,0.0072185
1663,1381733,0.0079484
1664,1383396,0.0113542
1665,1385060,0.011727
1666,1386725,0.0086464
1667,1388396,0.0077418
1668,1390075,0.0071526
1669,1391743,0.0071459
1670,1393412,0.0069621
1671,1395082,0.006897
1672,1396753,0.0072417
1673,1398425,0.0073147
1674,1400098,0.0072525
1675,1401772,0.0074112
1676,1403447,0.0075328
1677,1405123,0.0077351
1678,1406800,0.0080869
1679,1408478,0.0088898
1680,1410158,0.0090651
1681,1411845,0.0084176
1682,1413526,0.007756
1683,1415208,0.0077433
1684,1416891,0.0081463
1685,1418575,0.0081085
1686,1420260,0.0083081
1687,1421946,0.0077974
1688,1423633,0.0077976
1689,1425321,0.0080137
1690,1427010,0.0076924
1691,1428700,0.0078624
1692,1430391,0.0072639
1693,1432093,0.0079971
1694,1433789,0.0072404
1695,1435483,0.0075296
1696,1437178,0.0072709
1697,1438874,0.0074059
1698,1440571,0.0071912
1699,1442269,0.0082542
1700,1443968,0.0144732
1701,1445668,0.0123929
1702,1447369,0.0113948
1703,1449071,0.010636
1704,1450768,0.0118407
1705,1452472,0.0103817
1706,1454177,0.0095914
1707,1455883,0.0088438
1708,1457590,0.0084292
1709,1459298,0.0098172
1710,1461007,0.0093046
1711,1462716,0.009735
1712,1464427,0.0096109
1713,1466138,0.0106714
1714,1467843,0.0089715
1715,1469557,0.0084255
1716,1471272,0.0093128
1717,1472987,0.0090341
1718,1474704,0.0097238
1719,1476422,0.0081926
1720,1478141,0.0087293
1721,1479861,0.0093191
1722,1481582,0.0098035
1723,1483303,0.0103725
1724,1485031,0.0117556
1725,1486776,0.0135834
1726,1488501,0.0165384
1727,1490226,0.0133537
1728,1491953,0.0119624
1729,1493681,0.0112875
1730,1495410,0.0120002
1731,1497140,0.0119824
1732,1498866,0.0110556
1733,1500596,0.0127517
1734,1502329,0.0103134
1735,1504063,0.0105097
1736,1505798,0.0098875
1737,1507534,0.0110914
1738,1509271,0.0112127
1739,1511009,0.0147886
1740,1512748,0.011609
1741,1514481,0.0111293
1742,1516222,0.0137997
1743,1517964,0.0096856
1744,1519707,0.0137934
1745,1521451,0.0172283
1746,1523195,0.0173367
1747,1524944,0.0158201
1748,1526703,0.0117655
1749,1528451,0.0086589
1750,1530200,0.0081068
1751,1531950,0.0080948
1752,1533701,0.0085222
1753,1535452,0.0078666
1754,1537205,0.0083058
1755,1538959,0.007654
1756,1540714,0.0084014
1757,1542470,0.007762
1758,1544227,0.007713
1759,1545976,0.0088398
1760,1547729,0.0079921
1761,1549489,0.0083159
1762,1551250,0.0080459
1763,1553012,0.0090123
1764,1554775,0.0081156
1765,1556538,0.0086264
1766,1558303,0.0088738
1767,1560069,0.0092235
1768,1561836,0.0089336
1769,1563604,0.009272
1770,1565375,0.0086836
1771,1567155,0.0088596
1772,1568926,0.0084886
1773,1570698,0.0089538
1774,1572471,0.0087671
1775,1574245,0.0093968
1776,1576020,0.0091292
1777,1577796,0.0088185
1778,1579573,0.0087404
1779,1581351,0.0090234
1780,1583130,0.0081565
1781,1584910,0.0085846
1782,1586648,0.0081846
1783,1588426,0.008281
1784,1590209,0.0080032
1785,1591993,0.009122
1786,1593778,0.0082265
1787,1595564,0.008842
1788,1597351,0.0090609
1789,1599139,0.0084534
1790,1600928,0.0085028
1791,1602718,0.008015
1792,1604509,0.0082327
1793,1606301,0.0079313
1794,1608126,0.0082695
1795,1609920,0.0081621
1796,1611715,0.0091306
1797,1613511,0.0086567
1798,1615308,0.0092159
1799,1617106,0.0085459
1800,1618905,0.0089822
1801,1620705,0.0084763
1802,1622506,0.0091301
1803,1624308,0.0089582
1804,1626111,0.0085688
1805,1627922,0.0089137
1806,1629732,0.0093269
1807,1631538,0.014314
1808,1633345,0.0111988
1809,1635153,0.0091826
1810,1636962,0.0089639
1811,1638771,0.0086546
1812,1640582,0.0084955
1813,1642394,0.0084391
1814,1644207,0.0083538
1815,1646017,0.0090034
1816,1647820,0.0099965
1817,1649636,0.0090146
1818,1651453,0.0093397
1819,1653271,0.0094591
1820,1655090,0.0093337
1821,1656910,0.0097733
1822,1658731,0.0102424
1823,1660553,0.0099142
1824,1662376,0.0091552
1825,1664200,0.0094645
1826,1666038,0.0094292
1827,1667868,0.0098216
1828,1669695,0.0110113
1829,1671522,0.0099253
1830,1673351,0.0089738
1831,1675181,0.0089793
1832,1677012,0.0085083
1833,1678844,0.0085273
1834,1680677,0.0086982
1835,1682511,0.0088748
1836,1684345,0.0084324
1837,1686176,0.0083231
1838,1688013,0.0084623
1839,1689851,0.0083975
1840,1691690,0.0085786
1841,1693530,0.0087824
1842,1695370,0.0087118
1843,1697212,0.0085357
1844,1699055,0.0087119
1845,1700898,0.0086307
1846,1702743,0.0093499
1847,1704589,0.0090641
1848,1706423,0.0091575
1849,1708258,0.0091473
1850,1710107,0.0086958
1851,1711957,0.0092299
1852,1713808,0.008755
1853,1715660,0.0092094
1854,1717513,0.0096873
1855,1719367,0.0092998
1856,1721222,0.0088054
1857,1723078,0.00938
1858,1724934,0.0091302
1859,1726793,0.0091966
1860,1728653,0.0099352
1861,1730513,0.0100592
1862,1732374,0.0095859
1863,1734236,0.0095853
1864,1736099,0.0095809
1865,1737963,0.0099484
1866,1739828,0.009768
1867,1741694,0.0116624
1868,1743561,0.0106016
1869,1745417,0.0107488
1870,1747281,0.0103599
1871,1749151,0.0100322
1872,1751022,0.009722
1873,1752894,0.0105822
1874,1754767,0.0099664
1875,1756641,0.0097513
1876,1758516,0.0106346
1877,1760392,0.0145163
1878,1762293,0.0134314
1879,1764186,0.0129789
1880,1766065,0.0135866
1881,1767945,0.0103971
1882,1769826,0.0089455
1883,1771708,0.0096541
1884,1773591,0.0090781
1885,1775475,0.0095955
1886,1777360,0.0096625
1887,1779246,0.0088871
1888,1781123,0.0090839
1889,1783011,0.0093364
1890,1784900,0.0103412
1891,1786790,0.0102433
1892,1788681,0.0095608
1893,1790573,0.009617
1894,1792465,0.0100174
1895,1794359,0.0093574
1896,1796254,0.0095341
1897,1798150,0.0092502
1898,1800050,0.0094407
1899,1801951,0.009088
1900,1803849,0.0094666
1901,1805749,0.0092629
1902,1807650,0.0092201
1903,1809552,0.00934
1904,1811455,0.0091531
1905,1813359,0.0093177
1906,1815264,0.0094922
1907,1817170,0.0091217
1908,1819077,0.0094889
1909,1820967,0.0093686
1910,1822876,0.0101113
1911,1824786,0.0101536
1912,1826697,0.0105809
1913,1828609,0.0108951
1914,1830522,0.0109493
1915,1832436,0.0103855
1916,1834351,0.01036
1917,1836267,0.010085
1918,1838187,0.0098945
1919,1840112,0.0099
1920,1842031,0.0107143
1921,1843951,0.0100746
1922,1845872,0.0098547
1923,1847793,0.0100056
1924,1849716,0.0094934
1925,1851640,0.0093642
1926,1853565,0.0120362
1927,1855491,0.0098027
1928,1857417,0.0100599
1929,1859345,0.0095515
1930,1861274,0.0095029
1931,1863204,0.009949
1932,1865135,0.0098265
1933,1867066,0.0099291
1934,1868999,0.0097713
1935,1870933,0.0091129
1936,1872868,0.0094382
1937,1874804,0.0094588
1938,1876740,0.0104577
1939,1878677,0.0096471
1940,1880616,0.0092473
1941,1882556,0.0094788
1942,1884497,0.0096361
1943,1886439,0.0092044
1944,1888382,0.0099369
1945,1890325,0.0092548
1946,1892270,0.0097454
1947,1894216,0.0098725
1948,1896163,0.0094049
1949,1898127,0.0094846
1950,1900080,0.0094596
1951,1902030,0.0101756
1952,1903981,0.0095457
1953,1905933,0.0094217
1954,1907886,0.0095297
1955,1909840,0.0093984
1956,1911795,0.0100225
1957,1913751,0.0116763
1958,1915708,0.0109061
1959,1917643,0.0113799
1960,1919597,0.011321
1961,1921557,0.0108363
1962,1923518,0.0106316
1963,1925480,0.0110671
1964,1927443,0.0110616
1965,1929407,0.0110733
1966,1931372,0.0107185
1967,1933338,0.0106798
1968,1935322,0.0108758
1969,1937295,0.0098175
1970,1939264,0.0097381
1971,1941234,0.009701
1972,1943205,0.0095147
1973,1945177,0.0097413
1974,1947150,0.0100061
1975,1949124,0.0097911
1976,1951099,0.0098068
1977,1953075,0.0095074
1978,1955026,0.0096269
1979,1956988,0.0097598
1980,1958967,0.0097672
1981,1960947,0.0098141
1982,1962928,0.009644
1983,1964910,0.0097629
1984,1966892,0.0099557
1985,1968876,0.0096164
1986,1970861,0.0100705
1987,1972847,0.0096236
1988,1974833,0.0099074
1989,1976820,0.0098706
1990,1978809,0.0108673
1991,1980799,0.0100707
1992,1982789,0.0102266
1993,1984779,0.0096967
1994,1986772,0.0098426
1995,1988766,0.0100716
1996,1990760,0.0097951
1997,1992756,0.0099827
1998,1994764,0.0100179
1999,1996774,0.0099096
