2,1,2.4e-07
3,3,4e-07
4,6,4.5e-07
5,10,3.8e-07
6,15,5.5e-07
7,21,6e-07
8,28,5.4e-07
9,36,6.1e-07
10,44,8.5e-07
11,54,8.5e-07
12,65,9.2e-07
13,77,1.06e-06
14,89,1.47e-06
15,103,1.46e-06
16,118,1.43e-06
17,133,1.58e-06
18,150,1.6e-06
19,167,1.83e-06
20,186,1.92e-06
21,206,2.06e-06
22,227,2.76e-06
23,248,1.93e-06
24,269,3.14e-06
25,293,2.74e-06
26,317,2.97e-06
27,343,2.7e-06
28,370,3.88e-06
29,398,3.44e-06
30,427,3.89e-06
31,457,5.16e-06
32,488,5.85e-06
33,520,5.74e-06
34,553,6.35e-06
35,587,5.57e-06
36,622,5.35e-06
37,658,5.76e-06
38,695,6.26e-06
39,733,6.15e-06
40,772,6.4e-06
41,812,6.47e-06
42,852,7e-06
43,894,7.98e-06
44,937,6.9e-06
45,981,6.74e-06
46,1025,1.211e-05
47,1071,7.53e-06
48,1118,7.88e-06
49,1166,1.285e-05
50,1215,1.461e-05
51,1265,1.113e-05
52,1315,1.099e-05
53,1367,9.96e-06
54,1420,1.165e-05
55,1474,1.162e-05
56,1529,1.737e-05
57,1585,1.457e-05
58,1642,1.427e-05
59,1700,1.321e-05
60,1759,1.533e-05
61,1819,2.162e-05
62,1880,1.559e-05
63,1941,1.529e-05
64,2004,1.759e-05
65,2068,1.967e-05
66,2133,1.999e-05
67,2198,2.077e-05
68,2265,2.635e-05
69,2333,1.885e-05
70,2402,2.211e-05
71,2471,2.225e-05
72,2542,2.343e-05
73,2614,2.447e-05
74,2687,2.815e-05
75,2761,2.651e-05
76,2836,3.581e-05
77,2913,3.791e-05
78,2990,4.023e-05
79,3068,4.037e-05
80,3146,4.188e-05
81,3226,3.027e-05
82,3307,3.724e-05
83,3389,4.111e-05
84,3472,3.059e-05
85,3556,3.886e-05
86,3641,3.131e-05
87,3727,4.336e-05
88,3814,3.22e-05
89,3902,3.847e-05
90,3991,3.271e-05
91,4081,3.532e-05
92,4172,4.026e-05
93,4264,3.318e-05
94,4357,4.674e-05
95,4451,5.596e-05
96,4546,4.14e-05
97,4642,3.717e-05
98,4739,4.804e-05
99,4837,3.875e-05
100,4936,3.752e-05
101,5036,5.664e-05
102,5137,4.836e-05
103,5239,6.588e-05
104,5342,5.608e-05
105,5446,4.613e-05
106,5551,4.95e-05
107,5657,6.1e-05
108,5764,5.25e-05
109,5872,5.737e-05
110,5981,5.193e-05
111,6091,5.131e-05
112,6202,7.429e-05
113,6314,6.299e-05
114,6427,5.346e-05
115,6541,6.541e-05
116,6656,5.137e-05
117,6772,5.08e-05
118,6889,7.775e-05
119,7006,7.435e-05
120,7125,8.232e-05
121,7245,5.771e-05
122,7366,6.119e-05
123,7488,5.467e-05
124,7611,6.253e-05
125,7735,6.792e-05
126,7860,5.587e-05
127,7986,5.442e-05
128,8113,7.378e-05
129,8241,7.289e-05
130,8369,6.778e-05
131,8499,6.093e-05
132,8630,6.126e-05
133,8762,6.314e-05
134,8895,6.039e-05
135,9029,6.004e-05
136,9164,7.875e-05
137,9300,6.76e-05
138,9437,7.029e-05
139,9575,6.495e-05
140,9714,7.609e-05
141,9854,7.51e-05
142,9995,6.459e-05
143,10137,7.481e-05
144,10280,6.552e-05
145,10424,9.099e-05
146,10569,6.77e-05
147,10714,7.837e-05
148,10861,7.215e-05
149,11009,7.505e-05
150,11157,6.785e-05
151,11307,8.851e-05
152,11458,7.088e-05
153,11610,7.471e-05
154,11763,7.112e-05
155,11917,7.715e-05
156,12072,8.281e-05
157,12228,7.686e-05
158,12385,7.822e-05
159,12542,8.179e-05
160,12701,7.804e-05
161,12861,0.00010353
162,13022,8.658e-05
163,13184,8.127e-05
164,13347,9.893e-05
165,13511,9.909e-05
166,13676,8.799e-05
167,13842,8.545e-05
168,14009,0.000119
169,14177,8.666e-05
170,14346,8.809e-05
171,14516,9.692e-05
172,14687,8.732e-05
173,14859,9.927e-05
174,15031,9.149e-05
175,15205,9.205e-05
176,15380,0.00010985
177,15556,9.53e-05
178,15733,9.641e-05
179,15911,9.93e-05
180,16090,9.424e-05
181,16269,0.00011143
182,16450,9.75e-05
183,16632,9.835e-05
184,16815,0.00011572
185,16999,0.00010171
186,17184,0.00010297
187,17370,0.00011157
188,17557,0.00010725
189,17745,0.00011344
190,17934,0.00011383
191,18124,0.00011304
192,18315,0.00011241
193,18507,0.00010911
194,18700,0.00012074
195,18894,0.00011541
196,19089,0.00011533
197,19285,0.00011924
198,19482,0.00012011
199,19680,0.00012251
200,19879,0.00014183
201,20079,0.00015013
202,20281,0.00015014
203,20484,0.00017735
204,20687,0.00014745
205,20891,0.00017405
206,21096,0.00019819
207,21302,0.00024762
208,21509,0.00023092
209,21717,0.00024223
210,21926,0.00022616
211,22136,0.00024262
212,22347,0.00022602
213,22559,0.00024623
214,22772,0.000224
215,22986,0.00014788
216,23200,0.00016869
217,23416,0.00014598
218,23633,0.0001442
219,23851,0.00017561
220,24070,0.00014537
221,24290,0.00015891
222,24510,0.0001702
223,24730,0.00015274
224,24953,0.00015343
225,25177,0.00015464
226,25402,0.00015385
227,25628,0.00015402
228,25855,0.00014798
229,26083,0.00015429
230,26312,0.00014597
231,26542,0.00014576
232,26773,0.00014836
233,27005,0.00014981
234,27238,0.00015461
235,27471,0.00015533
236,27706,0.00015551
237,27942,0.00015395
238,28179,0.00016375
239,28417,0.00016751
240,28656,0.00016487
241,28896,0.00016705
242,29136,0.00016795
243,29378,0.00018135
244,29621,0.00016535
245,29865,0.00017025
246,30110,0.00017103
247,30356,0.0001671
248,30603,0.00017011
249,30851,0.00017041
250,31099,0.00016924
251,31349,0.0001743
252,31599,0.00018922
253,31851,0.00018434
254,32104,0.00018655
255,32358,0.00019284
256,32613,0.00018746
257,32868,0.00018586
258,33123,0.00018907
259,33381,0.00018944
260,33640,0.00022565
261,33900,0.00023983
262,34161,0.0002355
263,34423,0.00031761
264,34686,0.00034495
265,34950,0.00033162
266,35215,0.00030882
267,35480,0.00029741
268,35747,0.0002981
269,36015,0.00028451
270,36284,0.00026662
271,36554,0.00024425
272,36824,0.00024671
273,37096,0.00023692
274,37369,0.00025609
275,37643,0.00023568
276,37918,0.0002314
277,38194,0.00022224
278,38471,0.00024082
279,38749,0.00023262
280,39028,0.00022504
281,39308,0.0002174
282,39588,0.00023271
283,39870,0.00023372
284,40153,0.00024518
285,40437,0.00031841
286,40722,0.00036665
287,41008,0.00028645
288,41295,0.00032971
289,41583,0.00032915
290,41872,0.00038693
291,42162,0.00033164
292,42453,0.00032275
293,42744,0.00030361
294,43037,0.00029099
295,43331,0.00027382
296,43626,0.00026046
297,43922,0.00025257
298,44219,0.0003094
299,44517,0.00028913
300,44816,0.00026471
301,45116,0.0002562
302,45417,0.00026866
303,45719,0.00025259
304,46022,0.00024934
305,46326,0.00024952
306,46631,0.00027019
307,46937,0.00025717
308,47244,0.00029982
309,47552,0.00039042
310,47860,0.00039402
311,48170,0.0003054
312,48480,0.00034752
313,48792,0.00034439
314,49105,0.00037208
315,49419,0.00041211
316,49734,0.00033904
317,50049,0.00029845
318,50366,0.00032228
319,50684,0.00030891
320,51003,0.00028734
321,51323,0.00028119
322,51644,0.00027651
323,51966,0.00028468
324,52289,0.00029142
325,52612,0.00030379
326,52939,0.00029594
327,53266,0.00028908
328,53593,0.00029227
329,53920,0.00028886
330,54249,0.00034508
331,54579,0.00032504
332,54910,0.00046939
333,55242,0.00034342
334,55575,0.00034212
335,55909,0.00032843
336,56244,0.00033651
337,56579,0.00032794
338,56916,0.00032857
339,57254,0.0003354
340,57593,0.00032084
341,57933,0.00032251
342,58274,0.00034803
343,58616,0.00032842
344,58959,0.00035074
345,59303,0.00035292
346,59648,0.00037362
347,59994,0.00037148
348,60341,0.00041836
349,60689,0.00038098
350,61038,0.00038775
351,61388,0.00040037
352,61739,0.00044855
353,62086,0.00046856
354,62430,0.00041151
355,62784,0.00038583
356,63139,0.00038399
357,63495,0.00038493
358,63852,0.00038624
359,64210,0.00037663
360,64569,0.00038172
361,64929,0.00038093
362,65289,0.00039114
363,65649,0.00038225
364,66012,0.0003941
365,66376,0.00037552
366,66740,0.00039597
367,67106,0.00039886
368,67473,0.00040802
369,67841,0.00039934
370,68210,0.00039463
371,68580,0.0004066
372,68950,0.00040732
373,69322,0.00040727
374,69695,0.00040678
375,70068,0.00043534
376,70443,0.00039768
377,70819,0.00040939
378,71210,0.00040685
379,71599,0.00039066
380,71978,0.00038251
381,72358,0.00040208
382,72738,0.00045719
383,73120,0.00040742
384,73503,0.00039995
385,73887,0.00042562
386,74272,0.00043987
387,74658,0.00046753
388,75045,0.00051544
389,75433,0.00065768
390,75822,0.00062603
391,76212,0.00061235
392,76603,0.00053096
393,76995,0.00046058
394,77388,0.00051176
395,77782,0.00044899
396,78177,0.00043387
397,78573,0.00041811
398,78970,0.0004417
399,79362,0.00041605
400,79759,0.00041817
401,80159,0.00043625
402,80560,0.00044759
403,80962,0.00057404
404,81365,0.00053177
405,81769,0.00061297
406,82174,0.00058898
407,82580,0.00061971
408,82987,0.00051364
409,83395,0.00049285
410,83804,0.0005005
411,84214,0.000466
412,84625,0.0004629
413,85036,0.00048612
414,85449,0.0008257
415,85863,0.00105444
416,86275,0.0006146
417,86676,0.00052787
418,87093,0.00050151
419,87511,0.00049645
420,87930,0.00049447
421,88350,0.0005271
422,88770,0.00049228
423,89192,0.00046627
424,89615,0.00048355
425,90039,0.00045605
426,90464,0.00045561
427,90890,0.00049539
428,91317,0.00050161
429,91745,0.00050709
430,92174,0.00059974
431,92604,0.00051518
432,93035,0.00050238
433,93467,0.00050005
434,93900,0.00052179
435,94334,0.00051026
436,94785,0.00051997
437,95234,0.0005074
438,95670,0.00049208
439,96108,0.00049813
440,96547,0.0005295
441,96987,0.00053159
442,97428,0.00053469
443,97870,0.00054838
444,98313,0.00054714
445,98757,0.00056468
446,99202,0.00056671
447,99648,0.00057102
448,100095,0.00058325
449,100543,0.00057062
450,100991,0.00059264
451,101441,0.00067925
452,101892,0.00081632
453,102338,0.00087839
454,102786,0.00091649
455,103240,0.00112705
456,103695,0.00104086
457,104151,0.00119694
458,104608,0.00132213
459,105066,0.00154469
460,105525,0.00135068
461,105982,0.00102437
462,106439,0.00143693
463,106901,0.0012477
464,107364,0.00141263
465,107828,0.00117056
466,108293,0.00104151
467,108759,0.00098275
468,109226,0.00093079
469,109695,0.00095414
470,110178,0.00098235
471,110648,0.00111186
472,111119,0.00098351
473,111590,0.00088475
474,112063,0.00093501
475,112537,0.0009539
476,113012,0.00111223
477,113488,0.00105089
478,113964,0.0011757
479,114418,0.00108613
480,114897,0.00135409
481,115377,0.00108006
482,115858,0.00104374
483,116340,0.00112001
484,116823,0.0009147
485,117306,0.00108988
486,117791,0.00111854
487,118279,0.00116478
488,118770,0.00115735
489,119258,0.00128603
490,119747,0.00118237
491,120236,0.00113335
492,120727,0.00133159
493,121219,0.00110571
494,121712,0.00116841
495,122202,0.00129158
496,122696,0.00108066
497,123192,0.00110376
498,123689,0.00103466
499,124187,0.00121077
500,124685,0.00132458
501,125185,0.00211915
502,125691,0.00135054
503,126194,0.00122387
504,126697,0.00112301
505,127201,0.00096576
506,127706,0.00111873
507,128212,0.00112722
508,128718,0.00093662
509,129226,0.00141962
510,129733,0.00150496
511,130243,0.00144041
512,130754,0.00136265
513,131266,0.00133285
514,131779,0.00142465
515,132293,0.00162502
516,132811,0.00114851
517,133331,0.00132053
518,133848,0.00149855
519,134366,0.00126381
520,134885,0.00113654
521,135404,0.00101994
522,135925,0.00109837
523,136446,0.00098808
524,136963,0.00093921
525,137477,0.00098785
526,138002,0.00095815
527,138527,0.00095037
528,139054,0.00099595
529,139582,0.00100879
530,140111,0.00101515
531,140641,0.00148605
532,141172,0.00141174
533,141704,0.00080156
534,142240,0.00074029
535,142773,0.0008327
536,143308,0.00093103
537,143843,0.00087192
538,144378,0.00091688
539,144916,0.00090671
540,145455,0.00095924
541,145994,0.00097416
542,146533,0.00134458
543,147075,0.00107416
544,147641,0.00176968
545,148188,0.00187453
546,148733,0.00190139
547,149279,0.00149318
548,149826,0.00130626
549,150374,0.00106831
550,150918,0.0011252
551,151466,0.00135867
552,152017,0.00156563
553,152569,0.00154519
554,153122,0.00157343
555,153676,0.00134651
556,154231,0.00109061
557,154783,0.00093151
558,155337,0.00101118
559,155895,0.00108811
560,156453,0.00112576
561,157013,0.00111105
562,157574,0.00091328
563,158136,0.00084782
564,158698,0.00090233
565,159262,0.00091099
566,159827,0.0010734
567,160398,0.00182953
568,160967,0.00156969
569,161535,0.00120048
570,162104,0.00106535
571,162674,0.0011188
572,163245,0.00120719
573,163817,0.00152553
574,164384,0.0012952
575,164956,0.00108046
576,165531,0.00103088
577,166107,0.00095653
578,166684,0.00090914
579,167262,0.00093442
580,167841,0.00095348
581,168421,0.00093224
582,169002,0.00096238
583,169584,0.00096488
584,170175,0.00098566
585,170767,0.000976
586,171352,0.00104491
587,171938,0.00097791
588,172525,0.00095341
589,173113,0.00096054
590,173702,0.0009794
591,174292,0.00095436
592,174883,0.00103234
593,175475,0.00102142
594,176063,0.00104815
595,176655,0.00102581
596,177250,0.00096993
597,177846,0.00100967
598,178443,0.00098393
599,179041,0.00105139
600,179640,0.00109905
601,180240,0.00108833
602,180841,0.00104416
603,181442,0.00110623
604,182040,0.00107212
605,182644,0.00120998
606,183248,0.00128797
607,183854,0.0011395
608,184461,0.00111413
609,185069,0.00116286
610,185678,0.00116954
611,186288,0.00104073
612,186906,0.00104077
613,187528,0.00101336
614,188141,0.00103244
615,188755,0.00103852
616,189370,0.00103909
617,189986,0.00103095
618,190603,0.00103959
619,191221,0.00105651
620,191839,0.00106626
621,192459,0.00106894
622,193084,0.00105527
623,193707,0.00116626
624,194330,0.00108461
625,194954,0.00107884
626,195579,0.00105869
627,196205,0.00107784
628,196832,0.0010659
629,197460,0.00111292
630,198089,0.00110744
631,198703,0.00108295
632,199332,0.00107998
633,199964,0.00107483
634,200597,0.00108064
635,201231,0.00107704
636,201866,0.00129303
637,202502,0.00125843
638,203139,0.00136179
639,203770,0.00117033
640,204400,0.00137953
641,205040,0.00157905
642,205681,0.00143384
643,206323,0.00168139
644,206966,0.00141606
645,207609,0.00140088
646,208265,0.00138277
647,208918,0.00126296
648,209565,0.00145618
649,210213,0.00130407
650,210862,0.00125157
651,211512,0.00122377
652,212163,0.00118362
653,212815,0.00123501
654,213453,0.00120079
655,214106,0.00128791
656,214761,0.00135542
657,215417,0.00118947
658,216074,0.0011749
659,216732,0.00117878
660,217391,0.0011757
661,218051,0.00118176
662,218712,0.00128673
663,219375,0.00146468
664,220038,0.00154294
665,220702,0.00146251
666,221367,0.00140457
667,222033,0.00168811
668,222705,0.00193357
669,223384,0.00174126
670,224053,0.00160164
671,224723,0.00152524
672,225394,0.00160796
673,226066,0.00202714
674,226740,0.001647
675,227416,0.00183822
676,228091,0.0020318
677,228767,0.00146119
678,229444,0.00147122
679,230122,0.00137748
680,230793,0.00169435
681,231466,0.0017816
682,232146,0.00171475
683,232828,0.00142228
684,233511,0.00152048
685,234195,0.00142622
686,234881,0.00130424
687,235581,0.00158198
688,236268,0.00123315
689,236956,0.00120786
690,237645,0.00122714
691,238335,0.00123205
692,239026,0.00120934
693,239718,0.00124809
694,240405,0.00125725
695,241089,0.00133735
696,241783,0.00128789
697,242479,0.0012484
698,243176,0.00127809
699,243874,0.00128107
700,244573,0.00124671
701,245273,0.00124532
702,245972,0.0012327
703,246674,0.00132741
704,247377,0.00134161
705,248080,0.00133599
706,248785,0.0013749
707,249491,0.00154923
708,250198,0.00167188
709,250902,0.00142348
710,251609,0.00147149
711,252319,0.00144038
712,253030,0.00138334
713,253742,0.00128221
714,254455,0.00125838
715,255169,0.00131221
716,255888,0.00131004
717,256616,0.00128982
718,257333,0.00128371
719,258051,0.00130882
720,258770,0.00126386
721,259490,0.00130291
722,260211,0.0012942
723,260933,0.00129734
724,261651,0.00137529
725,262372,0.00180215
726,263097,0.00189625
727,263822,0.00140654
728,264549,0.00139507
729,265276,0.00132423
730,266004,0.00130724
731,266725,0.00133538
732,267456,0.00137715
733,268187,0.00135564
734,268918,0.001352
735,269649,0.00138256
736,270384,0.00146063
737,271120,0.00149984
738,271865,0.00152836
739,272604,0.00162721
740,273343,0.0015561
741,274083,0.0015477
742,274824,0.00150363
743,275566,0.00148648
744,276309,0.00154006
745,277053,0.00155513
746,277798,0.00141804
747,278543,0.00138715
748,279290,0.00140656
749,280038,0.00152593
750,280786,0.00147992
751,281532,0.00142972
752,282283,0.001524
753,283035,0.00148402
754,283788,0.00154957
755,284541,0.00146612
756,285296,0.00150475
757,286055,0.001471
758,286839,0.00145329
759,287597,0.00143966
760,288356,0.00153315
761,289116,0.00146171
762,289877,0.00157138
763,290639,0.00146575
764,291400,0.00154562
765,292163,0.00156314
766,292928,0.00164607
767,293694,0.00160291
768,294461,0.00165781
769,295229,0.00185787
770,295984,0.00229624
771,296749,0.00170665
772,297520,0.00168851
773,298292,0.00167472
774,299065,0.00206874
775,299847,0.00219512
776,300633,0.00171736
777,301409,0.00167749
778,302186,0.00158773
779,302964,0.00164635
780,303743,0.00155712
781,304517,0.00155285
782,305291,0.00151225
783,306073,0.00154878
784,306856,0.00171511
785,307640,0.00173834
786,308424,0.00181484
787,309200,0.00171677
788,309978,0.001747
789,310765,0.00163762
790,311554,0.00155223
791,312343,0.00156539
792,313134,0.00166133
793,313941,0.00197684
794,314749,0.0017741
795,315543,0.00172592
796,316338,0.00172498
797,317134,0.00177175
798,317931,0.00173184
799,318721,0.00173529
800,319520,0.00169921
801,320320,0.00159217
802,321121,0.00159873
803,321923,0.0015977
804,322726,0.00159409
805,323515,0.00159906
806,324318,0.00160588
807,325124,0.00160796
808,325931,0.0016301
809,326739,0.00160871
810,327548,0.00164361
811,328354,0.00162973
812,329164,0.00168496
813,329976,0.00163828
814,330789,0.00163787
815,331603,0.00169387
816,332418,0.0018043
817,333234,0.00222954
818,334052,0.00179324
819,334870,0.00194684
820,335689,0.0021093
821,336509,0.00211412
822,337337,0.00195375
823,338160,0.00193131
824,338983,0.00186569
825,339807,0.00193787
826,340632,0.00188399
827,341463,0.00171972
828,342293,0.00169664
829,343121,0.00170349
830,343949,0.00172821
831,344779,0.00171312
832,345610,0.00177808
833,346441,0.00175757
834,347273,0.00194295
835,348107,0.00235639
836,348942,0.00309537
837,349764,0.003036
838,350598,0.00296408
839,351436,0.00284907
840,352283,0.00362054
841,353132,0.00280168
842,353973,0.00252392
843,354814,0.00291954
844,355650,0.00301294
845,356493,0.00307712
846,357338,0.00182555
847,358184,0.00178329
848,359035,0.00202158
849,359884,0.00205632
850,360733,0.0018064
851,361583,0.00182503
852,362434,0.00179082
853,363291,0.0018064
854,364146,0.00182733
855,365000,0.00178469
856,365855,0.00184234
857,366711,0.00181808
858,367569,0.00180659
859,368434,0.0020221
860,369293,0.00183651
861,370153,0.00192093
862,371014,0.001971
863,371871,0.00202713
864,372708,0.00205173
865,373572,0.00205013
866,374437,0.00203592
867,375303,0.00205926
868,376174,0.00189108
869,377057,0.00194465
870,377925,0.00187448
871,378795,0.00186769
872,379666,0.00188842
873,380538,0.00189086
874,381418,0.00187364
875,382291,0.00188478
876,383166,0.00188401
877,384042,0.00193012
878,384919,0.00189483
879,385792,0.0019294
880,386670,0.00192913
881,387550,0.00195407
882,388431,0.00193188
883,389313,0.00194388
884,390185,0.00197848
885,391064,0.00202855
886,391949,0.00212342
887,392835,0.00214179
888,393722,0.00222699
889,394635,0.00229121
890,395526,0.00224088
891,396416,0.00197802
892,397307,0.00196432
893,398198,0.00198681
894,399091,0.00196713
895,399985,0.00198141
896,400880,0.00199851
897,401776,0.00200281
898,402665,0.00198796
899,403539,0.00205417
900,404438,0.00199128
901,405338,0.00201671
902,406239,0.00219455
903,407150,0.00215928
904,408065,0.00205447
905,408969,0.0020526
906,409874,0.00222581
907,410780,0.00225137
908,411685,0.00234247
909,412593,0.00237193
910,413502,0.002262
911,414412,0.00224901
912,415314,0.00221587
913,416217,0.0020809
914,417129,0.00204665
915,418043,0.00206913
916,418958,0.0020898
917,419892,0.00224106
918,420817,0.00214958
919,421735,0.00208747
920,422654,0.00210341
921,423571,0.00208959
922,424457,0.00212662
923,425379,0.00225778
924,426302,0.00225756
925,427226,0.00217351
926,428167,0.00229386
927,429105,0.00250619
928,430032,0.00236189
929,430960,0.00276096
930,431883,0.00247676
931,432810,0.00233794
932,433741,0.00228466
933,434672,0.00220464
934,435605,0.0021511
935,436541,0.00220211
936,437476,0.00224712
937,438412,0.00218153
938,439349,0.00217681
939,440291,0.00216398
940,441232,0.00215698
941,442172,0.00219335
942,443113,0.00222851
943,444052,0.00219428
944,444984,0.00227046
945,445928,0.00219084
946,446873,0.00222749
947,447819,0.00239097
948,448760,0.00243531
949,449707,0.00245199
950,450656,0.00253188
951,451605,0.00250961
952,452583,0.00239749
953,453540,0.00237472
954,454493,0.00229085
955,455446,0.00225886
956,456389,0.00226695
957,457336,0.00240353
958,458293,0.00226876
959,459251,0.00227464
960,460210,0.00235734
961,461173,0.00275476
962,462134,0.00236376
963,463096,0.0023178
964,464059,0.00237007
965,465028,0.0038997
966,465993,0.00471115
967,466959,0.00416043
968,467926,0.0044164
969,468881,0.00367688
970,469837,0.00278278
971,470807,0.00238292
972,471778,0.00236323
973,472769,0.00234306
974,473753,0.00236021
975,474727,0.00305161
976,475696,0.00418131
977,476659,0.00417863
978,477636,0.00414867
979,478624,0.00469851
980,479605,0.00274781
981,480585,0.00281437
982,481579,0.00260924
983,482562,0.00256932
984,483544,0.00238914
985,484528,0.00240584
986,485487,0.00255142
987,486473,0.00242299
988,487460,0.0026765
989,488448,0.00252951
990,489445,0.00258503
991,490434,0.0024352
992,491425,0.00270695
993,492418,0.00328309
994,493413,0.00295167
995,494407,0.00246488
996,495399,0.00391614
997,496385,0.00329028
998,497382,0.00247993
999,498380,0.00267654
1000,499382,0.00311976
1001,500383,0.00287724
1002,501384,0.00264439
1003,502384,0.00251238
1004,503380,0.00246152
1005,504384,0.00245421
1006,505389,0.00248945
1007,506397,0.00246718
1008,507421,0.00300557
1009,508429,0.00254461
1010,509438,0.00266454
1011,510448,0.0028478
1012,511459,0.00286163
1013,512471,0.00349038
1014,513484,0.003435
1015,514499,0.0043547
1016,515513,0.00424935
1017,516543,0.0029896
1018,517559,0.00255783
1019,518577,0.00252992
1020,519599,0.00273961
1021,520624,0.00276666
1022,521645,0.00251369
1023,522666,0.00253163
1024,523669,0.00255003
1025,524681,0.00255663
1026,525706,0.00275248
1027,526732,0.00256548
1028,527761,0.00268435
1029,528789,0.00256627
1030,529818,0.00257605
1031,530848,0.00258329
1032,531879,0.00288943
1033,532911,0.00280289
1034,533944,0.00279072
1035,534983,0.0029961
1036,536024,0.00435105
1037,537057,0.00468802
1038,538081,0.0034873
1039,539119,0.00263224
1040,540158,0.00280177
1041,541212,0.00272593
1042,542255,0.00266446
1043,543297,0.00264394
1044,544340,0.00273729
1045,545388,0.00262359
1046,546433,0.00263013
1047,547479,0.00267721
1048,548515,0.00266016
1049,549552,0.0026873
1050,550601,0.00265006
1051,551651,0.00269803
1052,552695,0.0026773
1053,553745,0.0026776
1054,554798,0.00267857
1055,555852,0.00269312
1056,556933,0.00273639
1057,557989,0.00270017
1058,559046,0.00273401
1059,560100,0.00270008
1060,561153,0.00270457
1061,562213,0.00270788
1062,563274,0.00273045
1063,564358,0.00284324
1064,565430,0.00273649
1065,566494,0.00353594
1066,567545,0.00286819
1067,568595,0.00277249
1068,569662,0.00293423
1069,570730,0.00278386
1070,571808,0.00290131
1071,572878,0.00278537
1072,573947,0.00282033
1073,575003,0.00277688
1074,576054,0.00276572
1075,577128,0.00283243
1076,578203,0.00327543
1077,579306,0.003049
1078,580383,0.00306268
1079,581461,0.00347918
1080,582531,0.0028778
1081,583609,0.00337687
1082,584690,0.00327439
1083,585782,0.00301855
1084,586869,0.00287912
1085,587953,0.00294752
1086,589034,0.00302344
1087,590115,0.00288343
1088,591202,0.00285916
1089,592290,0.00285989
1090,593380,0.00308222
1091,594471,0.00287458
1092,595562,0.00299786
1093,596651,0.00306536
1094,597743,0.0029549
1095,598837,0.00304758
1096,599940,0.0042499
1097,601046,0.00563151
1098,602124,0.00352613
1099,603209,0.00289695
1100,604307,0.00291567
1101,605410,0.00293563
1102,606529,0.00295272
1103,607631,0.00291487
1104,608734,0.00294226
1105,609833,0.00297787
1106,610937,0.00295319
1107,612043,0.00295346
1108,613153,0.00300291
1109,614266,0.00299805
1110,615375,0.00302553
1111,616486,0.00299589
1112,617604,0.00296561
1113,618716,0.00306708
1114,619828,0.00322161
1115,620923,0.00319845
1116,622036,0.00299404
1117,623150,0.00302657
1118,624284,0.0030057
1119,625411,0.00301765
1120,626530,0.00303121
1121,627640,0.00301862
1122,628744,0.00306292
1123,629866,0.00302372
1124,630990,0.00303514
1125,632128,0.00305658
1126,633253,0.00303928
1127,634379,0.00307263
1128,635498,0.00311065
1129,636625,0.00308494
1130,637754,0.00312644
1131,638883,0.00311727
1132,640014,0.00308287
1133,641146,0.00318499
1134,642272,0.0031169
1135,643399,0.00315918
1136,644534,0.00311682
1137,645677,0.00313966
1138,646834,0.00310432
1139,647972,0.00314321
1140,649109,0.00313884
1141,650240,0.00315341
1142,651381,0.00312771
1143,652523,0.00314386
1144,653662,0.00313333
1145,654806,0.00314054
1146,655951,0.00317084
1147,657114,0.00328868
1148,658266,0.00316433
1149,659414,0.00327202
1150,660549,0.00317085
1151,661694,0.00317292
1152,662845,0.00319901
1153,663993,0.00323066
1154,665144,0.0032121
1155,666298,0.003215
1156,667454,0.00325807
1157,668612,0.00321279
1158,669769,0.0032343
1159,670921,0.00323721
1160,672072,0.00327005
1161,673232,0.00333459
1162,674410,0.00326368
1163,675598,0.0032544
1164,676761,0.00326563
1165,677915,0.00331289
1166,679064,0.0033115
1167,680230,0.00333494
1168,681394,0.00330026
1169,682560,0.00327155
1170,683729,0.00329367
1171,684895,0.00334036
1172,686060,0.00333361
1173,687232,0.0033776
1174,688413,0.00332773
1175,689602,0.00330627
1176,690777,0.00343051
1177,691953,0.00349616
1178,693132,0.00348429
1179,694309,0.00347232
1180,695476,0.00334993
1181,696647,0.00336537
1182,697828,0.00337599
1183,699026,0.00338875
1184,700221,0.003368
1185,701405,0.00338962
1186,702577,0.00359188
1187,703757,0.00365388
1188,704944,0.00363111
1189,706122,0.0034889
1190,707311,0.0034155
1191,708502,0.00344
1192,709709,0.00340119
1193,710901,0.00341958
1194,712092,0.00348528
1195,713279,0.00357204
1196,714474,0.00343992
1197,715674,0.00345026
1198,716883,0.00347136
1199,718081,0.00352702
1200,719274,0.00348865
1201,720469,0.00359561
1202,721670,0.00350797
1203,722865,0.0035331
1204,724065,0.00346898
1205,725269,0.00354166
1206,726458,0.00351933
1207,727661,0.00348494
1208,728868,0.00352556
1209,730117,0.00350242
1210,731327,0.00350873
1211,732536,0.00355688
1212,733743,0.00369876
1213,734955,0.00354372
1214,736161,0.00354591
1215,737365,0.00353219
1216,738580,0.00357255
1217,739812,0.00361712
1218,741041,0.00355663
1219,742259,0.00358584
1220,743457,0.00356392
1221,744673,0.00359445
1222,745892,0.00359735
1223,747096,0.00363166
1224,748319,0.00360799
1225,749549,0.00359964
1226,750790,0.00360256
1227,752016,0.00369361
1228,753254,0.00370432
1229,754489,0.0036425
1230,755718,0.00369182
1231,756941,0.00363261
1232,758172,0.00364997
1233,759398,0.00414374
1234,760615,0.0044909
1235,761849,0.00547526
1236,763084,0.00412821
1237,764320,0.00382626
1238,765568,0.00383347
1239,766811,0.00372948
1240,768050,0.0039147
1241,769293,0.00378303
1242,770533,0.00373078
1243,771774,0.00376264
1244,773016,0.00395562
1245,774260,0.00379373
1246,775503,0.00374293
1247,776749,0.00373973
1248,777996,0.00374562
1249,779245,0.00377423
1250,780494,0.00377499
1251,781750,0.00385353
1252,783005,0.00377004
1253,784257,0.00382699
1254,785496,0.00385884
1255,786750,0.00379108
1256,788001,0.00379681
1257,789251,0.00377652
1258,790508,0.00406982
1259,791766,0.0038646
1260,793025,0.0039376
1261,794278,0.00409057
1262,795527,0.00383505
1263,796789,0.00382593
1264,798086,0.00386189
1265,799361,0.00401451
1266,800621,0.00387056
1267,801870,0.00384349
1268,803137,0.0042103
1269,804410,0.00389301
1270,805682,0.00386482
1271,806950,0.0039067
1272,808217,0.00400634
1273,809489,0.00418279
1274,810751,0.00440974
1275,812022,0.0043575
1276,813315,0.00492812
1277,814611,0.00433196
1278,815881,0.00397953
1279,817140,0.00397415
1280,818419,0.00394362
1281,819694,0.00393088
1282,820974,0.00392624
1283,822258,0.00395078
1284,823552,0.00399462
1285,824836,0.00401969
1286,826114,0.00396026
1287,827398,0.0039633
1288,828683,0.0039862
1289,829964,0.00402794
1290,831253,0.00398984
1291,832543,0.00398128
1292,833835,0.00398204
1293,835129,0.00401528
1294,836432,0.00405531
1295,837726,0.00442964
1296,839004,0.0040329
1297,840298,0.00406616
1298,841601,0.00424345
1299,842909,0.00406857
1300,844208,0.00408639
1301,845511,0.00405668
1302,846812,0.00412159
1303,848115,0.00410308
1304,849420,0.00406933
1305,850719,0.00409451
1306,851998,0.00422674
1307,853304,0.00413704
1308,854635,0.0041333
1309,855951,0.00412795
1310,857252,0.00413347
1311,858547,0.00410931
1312,859858,0.00414973
1313,861209,0.00417596
1314,862525,0.00417612
1315,863814,0.00417823
1316,865110,0.00413451
1317,866429,0.00417532
1318,867766,0.00471785
1319,869084,0.00423534
1320,870396,0.00420375
1321,871716,0.0043098
1322,873037,0.00482585
1323,874359,0.00438745
1324,875672,0.00439849
1325,876985,0.00445352
1326,878311,0.00462224
1327,879642,0.00426248
1328,880969,0.00426473
1329,882301,0.00421355
1330,883631,0.0045574
1331,884969,0.00445841
1332,886305,0.00439758
1333,887642,0.00439165
1334,888985,0.00430408
1335,890317,0.00430159
1336,891632,0.00439606
1337,892968,0.00434387
1338,894304,0.00476086
1339,895642,0.00432713
1340,896978,0.00437084
1341,898316,0.00430881
1342,899662,0.00434222
1343,901016,0.00430887
1344,902358,0.00438542
1345,903704,0.00439149
1346,905048,0.0043826
1347,906390,0.00435817
1348,907735,0.0044998
1349,909073,0.00448636
1350,910413,0.00436636
1351,911765,0.00441739
1352,913123,0.00436272
1353,914475,0.00439889
1354,915816,0.00454871
1355,917170,0.00442916
1356,918521,0.00440473
1357,919876,0.00443951
1358,921246,0.00459631
1359,922617,0.00470678
1360,923981,0.00445153
1361,925350,0.00443788
1362,926708,0.00449071
1363,928052,0.0045063
1364,929415,0.00448462
1365,930758,0.00456665
1366,932121,0.00456997
1367,933497,0.0045133
1368,934869,0.00459496
1369,936242,0.00482356
1370,937617,0.00461193
1371,938987,0.00460449
1372,940360,0.00457349
1373,941737,0.00464573
1374,943124,0.00452627
1375,944494,0.00457487
1376,945830,0.00476868
1377,947206,0.00480605
1378,948619,0.0046954
1379,949997,0.00460934
1380,951369,0.0047024
1381,952749,0.00460634
1382,954120,0.00458419
1383,955499,0.00462515
1384,956896,0.00463008
1385,958292,0.00468991
1386,959669,0.00475902
1387,961046,0.00469641
1388,962431,0.00466622
1389,963815,0.00479865
1390,965201,0.00474925
1391,966585,0.00478815
1392,967975,0.00483703
1393,969364,0.00521923
1394,970769,0.00583266
1395,972191,0.00579856
1396,973569,0.00532004
1397,974954,0.00490471
1398,976355,0.00489015
1399,977757,0.00480852
1400,979164,0.00492102
1401,980572,0.0049985
1402,981974,0.00509933
1403,983377,0.00481713
1404,984758,0.00488725
1405,986144,0.00481056
1406,987549,0.00497289
1407,988956,0.00484521
1408,990368,0.00501657
1409,991783,0.00484305
1410,993187,0.00478151
1411,994592,0.00477129
1412,996006,0.00482729
1413,997425,0.00480045
1414,998835,0.0048258
1415,1000242,0.00478623
1416,1001655,0.00484004
1417,1003066,0.00483972
1418,1004487,0.00726532
1419,1005914,0.00598358
1420,1007345,0.0048827
1421,1008768,0.00490765
1422,1010163,0.00486408
1423,1011578,0.00488602
1424,1013015,0.00489513
1425,1014445,0.00488489
1426,1015868,0.00488504
1427,1017294,0.00514218
1428,1018720,0.00504024
1429,1020148,0.00497705
1430,1021577,0.00492826
1431,1023007,0.00493826
1432,1024440,0.00494683
1433,1025873,0.00491269
1434,1027293,0.00492098
1435,1028722,0.0049155
1436,1030173,0.00497806
1437,1031617,0.00495081
1438,1033034,0.00494726
1439,1034463,0.00499156
1440,1035929,0.00515334
1441,1037382,0.00500873
1442,1038818,0.00529356
1443,1040258,0.00501132
1444,1041687,0.00507104
1445,1043127,0.00503582
1446,1044579,0.0050206
1447,1046027,0.00526094
1448,1047447,0.00508907
1449,1048891,0.00510354
1450,1050328,0.00510024
1451,1051777,0.00512946
1452,1053254,0.00509096
1453,1054706,0.00512774
1454,1056152,0.00506587
1455,1057608,0.00524076
1456,1059091,0.00537074
1457,1060546,0.00519539
1458,1062001,0.00512357
1459,1063446,0.0051289
1460,1064868,0.00521685
1461,1066346,0.00521334
1462,1067841,0.00511287
1463,1069293,0.00527458
1464,1070742,0.00513832
1465,1072224,0.00561361
1466,1073708,0.00515628
1467,1075152,0.0052725
1468,1076609,0.0051796
1469,1078086,0.00515947
1470,1079559,0.0052957
1471,1081017,0.00532995
1472,1082486,0.00519792
1473,1083964,0.0051906
1474,1085438,0.00524551
1475,1086911,0.00525333
1476,1088384,0.00525658
1477,1089851,0.00521627
1478,1091329,0.00529624
1479,1092812,0.00535031
1480,1094294,0.00540675
1481,1095781,0.00526086
1482,1097266,0.00535064
1483,1098753,0.00528332
1484,1100224,0.00526221
1485,1101702,0.00546217
1486,1103179,0.00534762
1487,1104664,0.00530675
1488,1106172,0.00531957
1489,1107662,0.00539478
1490,1109167,0.00536604
1491,1110650,0.00532718
1492,1112117,0.0054002
1493,1113608,0.00546463
1494,1115100,0.00534068
1495,1116601,0.00568014
1496,1118103,0.00538352
1497,1119602,0.00540706
1498,1121101,0.0053905
1499,1122568,0.00539201
1500,1124063,0.00541595
1501,1125596,0.00545453
1502,1127096,0.00539921
1503,1128599,0.00538174
1504,1130089,0.00546502
1505,1131570,0.00542655
1506,1133086,0.00545977
1507,1134602,0.00543772
1508,1136111,0.00566803
1509,1137620,0.00546796
1510,1139136,0.00548832
1511,1140645,0.00556844
1512,1142144,0.00552678
1513,1143658,0.00550734
1514,1145177,0.00547303
1515,1146690,0.00556958
1516,1148204,0.00553277
1517,1149710,0.00554915
1518,1151223,0.0055315
1519,1152768,0.00559144
1520,1154285,0.00556886
1521,1155761,0.00552646
1522,1157295,0.00567139
1523,1158846,0.00556345
1524,1160358,0.00597442
1525,1161874,0.0055948
1526,1163391,0.00566186
1527,1164916,0.0056155
1528,1166450,0.00559508
1529,1167978,0.00563767
1530,1169507,0.00562301
1531,1171029,0.00565022
1532,1172553,0.00612321
1533,1174112,0.00568408
1534,1175647,0.0056543
1535,1177161,0.00564258
1536,1178695,0.0057865
1537,1180230,0.00569266
1538,1181771,0.00570887
1539,1183313,0.00625795
1540,1184851,0.00571657
1541,1186392,0.0057367
1542,1187938,0.00611595
1543,1189478,0.00607432
1544,1191020,0.00573382
1545,1192570,0.00571193
1546,1194115,0.00576599
1547,1195658,0.00574865
1548,1197211,0.00575178
1549,1198769,0.00575797
1550,1200312,0.00583121
1551,1201860,0.00580472
1552,1203383,0.00590629
1553,1204934,0.00582348
1554,1206489,0.00580433
1555,1208039,0.00581928
1556,1209591,0.00581025
1557,1211171,0.00584474
1558,1212730,0.00597163
1559,1214277,0.00581119
1560,1215837,0.00589825
1561,1217400,0.00611497
1562,1218967,0.00583291
1563,1220531,0.00594841
1564,1222101,0.00614286
1565,1223660,0.00603109
1566,1225220,0.00597546
1567,1226776,0.00598576
1568,1228344,0.00635287
1569,1229929,0.00601063
1570,1231496,0.00618945
1571,1233064,0.00595524
1572,1234636,0.00591336
1573,1236214,0.00653547
1574,1237800,0.00601464
1575,1239365,0.00594537
1576,1240936,0.00595141
1577,1242501,0.00600343
1578,1244077,0.00600785
1579,1245655,0.00609566
1580,1247240,0.00603298
1581,1248822,0.00602262
1582,1250373,0.00598641
1583,1251967,0.00605375
1584,1253572,0.0060463
1585,1255147,0.0060484
1586,1256727,0.00605719
1587,1258289,0.00607023
1588,1259896,0.0060541
1589,1261510,0.00611623
1590,1263088,0.00612033
1591,1264678,0.00608664
1592,1266283,0.0060562
1593,1267881,0.00616717
1594,1269480,0.00616342
1595,1271026,0.0061138
1596,1272614,0.00766359
1597,1274204,0.00651052
1598,1275837,0.00609994
1599,1277425,0.00617426
1600,1279005,0.00619121
1601,1280614,0.00612555
1602,1282215,0.00619899
1603,1283804,0.006193
1604,1285422,0.00617795
1605,1287040,0.00638026
1606,1288645,0.00631084
1607,1290258,0.00627364
1608,1291877,0.00623479
1609,1293451,0.00629617
1610,1295053,0.00621881
1611,1296686,0.00620622
1612,1298299,0.00629505
1613,1299914,0.00626538
1614,1301480,0.00622128
1615,1303101,0.00629986
1616,1304727,0.0062846
1617,1306350,0.00624036
1618,1307968,0.00627511
1619,1309583,0.00632561
1620,1311191,0.00631944
1621,1312806,0.0063586
1622,1314446,0.00639362
1623,1316065,0.00630637
1624,1317687,0.0063479
1625,1319318,0.00637796
1626,1320943,0.00644008
1627,1322570,0.00639872
1628,1324184,0.00638237
1629,1325814,0.00636172
1630,1327460,0.00637069
1631,1329093,0.00646434
1632,1330722,0.00643492
1633,1332335,0.00637264
1634,1333979,0.00651681
1635,1335619,0.00651685
1636,1337237,0.0064283
1637,1338879,0.00650139
1638,1340523,0.00642734
1639,1342200,0.00656076
1640,1343820,0.00652849
1641,1345435,0.00648052
1642,1347090,0.00645027
1643,1348722,0.00652313
1644,1350348,0.0065581
1645,1352015,0.00647625
1646,1353658,0.00669877
1647,1355295,0.00653359
1648,1356946,0.00649114
1649,1358598,0.00657672
1650,1360253,0.00653344
1651,1361893,0.00650888
1652,1363542,0.00655096
1653,1365196,0.00659077
1654,1366869,0.00655501
1655,1368525,0.00654804
1656,1370162,0.00662245
1657,1371811,0.0065972
1658,1373467,0.00673952
1659,1375130,0.00705261
1660,1376812,0.00658888
1661,1378463,0.00670826
1662,1380084,0.00666683
1663,1381756,0.00698154
1664,1383420,0.0068127
1665,1385079,0.00669387
1666,1386736,0.00663195
1667,1388409,0.0068839
1668,1390089,0.00671446
1669,1391747,0.00665116
1670,1393410,0.00679838
1671,1395073,0.00677279
1672,1396773,0.00684095
1673,1398429,0.00680139
1674,1400085,0.00672875
1675,1401801,0.00669349
1676,1403473,0.00685669
1677,1405144,0.00673526
1678,1406831,0.00680107
1679,1408500,0.00688924
1680,1410172,0.00688525
1681,1411847,0.00687566
1682,1413537,0.0068744
1683,1415223,0.00678421
1684,1416906,0.00679585
1685,1418582,0.00688302
1686,1420266,0.00682006
1687,1421956,0.00684284
1688,1423658,0.00691344
1689,1425334,0.00685507
1690,1427006,0.00684939
1691,1428707,0.0069198
1692,1430405,0.00690032
1693,1432100,0.00684533
1694,1433770,0.00689884
1695,1435464,0.00686903
1696,1437163,0.00686394
1697,1438880,0.00732448
1698,1440583,0.0068939
1699,1442279,0.00705286
1700,1443972,0.00704766
1701,1445666,0.00690691
1702,1447368,0.00708715
1703,1449069,0.00699209
1704,1450759,0.00692399
1705,1452478,0.0070615
1706,1454179,0.00700095
1707,1455855,0.00700675
1708,1457591,0.00706644
1709,1459301,0.00704687
1710,1461005,0.00711457
1711,1462705,0.00704358
1712,1464442,0.00702877
1713,1466161,0.00703336
1714,1467828,0.00708319
1715,1469573,0.00702521
1716,1471295,0.00718151
1717,1473009,0.00711065
1718,1474687,0.00703349
1719,1476416,0.00713978
1720,1478149,0.00709303
1721,1479899,0.00708178
1722,1481595,0.00714555
1723,1483314,0.00711884
1724,1485046,0.00716016
1725,1486751,0.00715085
1726,1488474,0.00714865
1727,1490200,0.00716774
1728,1491933,0.0072187
1729,1493645,0.00714448
1730,1495376,0.00722987
1731,1497114,0.00718266
1732,1498851,0.0071474
1733,1500588,0.0072438
1734,1502321,0.00725373
1735,1504046,0.00725231
1736,1505778,0.0072555
1737,1507509,0.00721827
1738,1509249,0.00724398
1739,1511025,0.0072977
1740,1512740,0.00724638
1741,1514466,0.00731807
1742,1516198,0.00734113
1743,1517972,0.00722763
1744,1519706,0.00760062
1745,1521442,0.00761702
1746,1523184,0.00740192
1747,1524936,0.00732732
1748,1526695,0.00739719
1749,1528448,0.00740808
1750,1530200,0.00735641
1751,1531906,0.0073351
1752,1533681,0.00757972
1753,1535444,0.00746181
1754,1537190,0.00738593
1755,1538932,0.00740469
1756,1540679,0.00740255
1757,1542430,0.00743455
1758,1544187,0.00748051
1759,1545981,0.00738974
1760,1547726,0.00746658
1761,1549473,0.00740824
1762,1551227,0.00744318
1763,1552993,0.00752372
1764,1554774,0.00757575
1765,1556539,0.00763969
1766,1558276,0.00749322
1767,1560045,0.00747003
1768,1561831,0.00753935
1769,1563613,0.00746881
1770,1565388,0.00834953
1771,1567150,0.00801549
1772,1568911,0.00751121
1773,1570674,0.00763257
1774,1572449,0.00760151
1775,1574253,0.00754191
1776,1576006,0.00756564
1777,1577777,0.00756194
1778,1579552,0.00760512
1779,1581329,0.00761319
1780,1583126,0.00757564
1781,1584900,0.00764804
1782,1586676,0.00760662
1783,1588460,0.00765995
1784,1590252,0.00767493
1785,1592029,0.00763693
1786,1593801,0.00775598
1787,1595575,0.0076666
1788,1597382,0.00765461
1789,1599185,0.00776819
1790,1600971,0.00784046
1791,1602751,0.00770748
1792,1604529,0.00773883
1793,1606324,0.00767414
1794,1608128,0.00779086
1795,1609914,0.00781081
1796,1611695,0.00772323
1797,1613519,0.00781016
1798,1615326,0.00774209
1799,1617101,0.00786692
1800,1618886,0.00777105
1801,1620698,0.00853311
1802,1622468,0.00922982
1803,1624270,0.00837728
1804,1626123,0.00803739
1805,1627933,0.00785895
1806,1629724,0.00812043
1807,1631510,0.00823125
1808,1633331,0.00778544
1809,1635139,0.00809641
1810,1636945,0.00782186
1811,1638749,0.00805377
1812,1640552,0.00794979
1813,1642365,0.00783675
1814,1644205,0.00809994
1815,1646006,0.00795972
1816,1647805,0.00810947
1817,1649620,0.0079519
1818,1651475,0.00804297
1819,1653269,0.00798048
1820,1655088,0.00797494
1821,1656916,0.00818521
1822,1658747,0.00831144
1823,1660564,0.00809021
1824,1662379,0.00810145
1825,1664196,0.00833537
1826,1666015,0.00829417
1827,1667838,0.00839529
1828,1669669,0.00801293
1829,1671547,0.00825821
1830,1673323,0.00851066
1831,1675166,0.0087514
1832,1676981,0.00804099
1833,1678802,0.00828785
1834,1680652,0.00852976
1835,1682476,0.00803456
1836,1684300,0.0082647
1837,1686146,0.00812504
1838,1687992,0.00831912
1839,1689840,0.00810135
1840,1691691,0.00813871
1841,1693500,0.00842109
1842,1695317,0.0081477
1843,1697172,0.00849654
1844,1699021,0.00822598
1845,1700871,0.0082881
1846,1702743,0.00876139
1847,1704575,0.00812038
1848,1706415,0.00834113
1849,1708252,0.00813848
1850,1710114,0.00844089
1851,1711970,0.00817245
1852,1713780,0.0087514
1853,1715633,0.00850997
1854,1717523,0.00818833
1855,1719390,0.00827323
1856,1721227,0.00823226
1857,1723076,0.00830598
1858,1724962,0.00828467
1859,1726838,0.00825289
1860,1728639,0.0084528
1861,1730516,0.0082963
1862,1732385,0.0084507
1863,1734240,0.00883396
1864,1736100,0.00836736
1865,1737982,0.00836673
1866,1739828,0.00831352
1867,1741707,0.00841159
1868,1743566,0.00838838
1869,1745435,0.0085163
1870,1747313,0.00843192
1871,1749186,0.00839468
1872,1751069,0.00839713
1873,1752927,0.00841903
1874,1754785,0.00849241
1875,1756667,0.00847709
1876,1758550,0.00853766
1877,1760419,0.00863552
1878,1762290,0.0090166
1879,1764167,0.0084725
1880,1766061,0.00844366
1881,1767929,0.0085344
1882,1769825,0.00859061
1883,1771702,0.00868671
1884,1773571,0.00850307
1885,1775466,0.00861787
1886,1777322,0.00854579
1887,1779230,0.00850081
1888,1781136,0.00853489
1889,1783009,0.00856308
1890,1784874,0.0086064
1891,1786761,0.00863567
1892,1788678,0.00874564
1893,1790568,0.00941286
1894,1792465,0.00859485
1895,1794329,0.00872877
1896,1796235,0.00862684
1897,1798119,0.00869965
1898,1800021,0.00867181
1899,1801934,0.00880409
1900,1803840,0.00888896
1901,1805770,0.00862066
1902,1807640,0.00869452
1903,1809521,0.00896163
1904,1811441,0.00883015
1905,1813326,0.0086713
1906,1815233,0.0087589
1907,1817150,0.00874862
1908,1819057,0.00878325
1909,1820960,0.00883621
1910,1822876,0.00890298
1911,1824794,0.00887244
1912,1826719,0.00873137
1913,1828609,0.00877378
1914,1830531,0.00894964
1915,1832439,0.00882258
1916,1834343,0.00885184
1917,1836272,0.00887107
1918,1838196,0.00877552
1919,1840113,0.00878892
1920,1842024,0.0088385
1921,1843937,0.00881667
1922,1845859,0.0088669
1923,1847789,0.0088777
1924,1849714,0.00904197
1925,1851635,0.00882926
1926,1853555,0.00895786
1927,1855468,0.00887323
1928,1857420,0.00904193
1929,1859321,0.0089165
1930,1861280,0.00891373
1931,1863184,0.00893797
1932,1865119,0.00892746
1933,1867066,0.00899709
1934,1869002,0.00900314
1935,1870931,0.00908401
1936,1872852,0.00906161
1937,1874760,0.00903747
1938,1876742,0.00998682
1939,1878691,0.00907708
1940,1880614,0.00912888
1941,1882578,0.00902787
1942,1884499,0.00906991
1943,1886402,0.00907935
1944,1888339,0.00913024
1945,1890300,0.00902974
1946,1892274,0.00909251
1947,1894232,0.00904032
1948,1896167,0.00911933
1949,1898125,0.00927012
1950,1900054,0.009079
1951,1902006,0.00914247
1952,1903931,0.00982848
1953,1905918,0.00925195
1954,1907862,0.00908455
1955,1909825,0.00916429
1956,1911784,0.0091352
1957,1913740,0.00921954
1958,1915670,0.00914492
1959,1917627,0.00956671
1960,1919612,0.00998445
1961,1921576,0.00925262
1962,1923535,0.00930273
1963,1925492,0.00925254
1964,1927457,0.00925938
1965,1929403,0.0092843
1966,1931373,0.00939912
1967,1933346,0.0092366
1968,1935327,0.00934312
1969,1937290,0.00925006
1970,1939243,0.0092791
1971,1941234,0.00927729
1972,1943210,0.00930348
1973,1945162,0.00926364
1974,1947117,0.0093744
1975,1949098,0.00942368
1976,1951088,0.00935923
1977,1953059,0.00934186
1978,1955020,0.00938761
1979,1957002,0.00936736
1980,1958974,0.00934284
1981,1960951,0.0093934
1982,1962956,0.00935701
1983,1964944,0.00947048
1984,1966933,0.00980409
1985,1968899,0.00948829
1986,1970896,0.00937769
1987,1972876,0.0094834
1988,1974865,0.0094326
1989,1976874,0.00961901
1990,1978833,0.00946367
1991,1980815,0.00958858
1992,1982819,0.00950229
1993,1984805,0.0095088
1994,1986785,0.00948368
1995,1988770,0.00968788
1996,1990766,0.00973651
1997,1992772,0.00954706
1998,1994768,0.00955942
1999,1996768,0.00993502
