2,1,1.9e-07
3,2,1.9e-07
4,3,1.7e-07
5,4,1.6e-07
6,5,1.5e-07
7,6,1.7e-07
8,7,2e-07
9,8,1.9e-07
10,9,1.9e-07
11,10,1.9e-07
12,11,2e-07
13,12,2e-07
14,13,1.9e-07
15,14,2.1e-07
16,15,1.9e-07
17,16,2.2e-07
18,17,2.1e-07
19,18,2e-07
20,19,2.4e-07
21,20,1.9e-07
22,21,2e-07
23,22,2e-07
24,23,2.3e-07
25,24,2.4e-07
26,25,2.4e-07
27,26,2.5e-07
28,27,2.7e-07
29,28,2.6e-07
30,29,2.8e-07
31,30,2.5e-07
32,31,2.8e-07
33,32,2.5e-07
34,33,2.2e-07
35,34,0
36,35,1.6e-07
37,36,2.4e-07
38,37,2.7e-07
39,38,2.9e-07
40,39,3.2e-07
41,40,2.9e-07
42,41,2.7e-07
43,42,3e-07
44,43,3.3e-07
45,44,3e-07
46,45,3.1e-07
47,46,3.3e-07
48,47,3.2e-07
49,48,2.9e-07
50,49,3.3e-07
51,50,3.5e-07
52,51,3.2e-07
53,52,3.6e-07
54,53,3.4e-07
55,54,3.7e-07
56,55,3.4e-07
57,56,3.4e-07
58,57,3.4e-07
59,58,3.3e-07
60,59,3.3e-07
61,60,3.7e-07
62,61,3.5e-07
63,62,4.5e-07
64,63,3.6e-07
65,64,3.8e-07
66,65,3.9e-07
67,66,3.5e-07
68,67,3.8e-07
69,68,3.6e-07
70,69,3.8e-07
71,70,4.1e-07
72,71,3.5e-07
73,72,4e-07
74,73,5.8e-07
75,74,4.9e-07
76,75,5.4e-07
77,76,4e-07
78,77,4.2e-07
79,78,4.1e-07
80,79,4.4e-07
81,80,3.6e-07
82,81,4.1e-07
83,82,4.8e-07
84,83,4.2e-07
85,84,4.1e-07
86,85,5e-07
87,86,4.5e-07
88,87,5.3e-07
89,88,5.1e-07
90,89,3.2e-07
91,90,4.6e-07
92,91,4.8e-07
93,92,5.7e-07
94,93,4.3e-07
95,94,5e-07
96,95,4.7e-07
97,96,5.4e-07
98,97,4.7e-07
99,98,5.5e-07
100,99,4.8e-07
101,100,4.6e-07
102,101,5.4e-07
103,102,4.7e-07
104,103,5.3e-07
105,104,5.2e-07
106,105,5.4e-07
107,106,5.9e-07
108,107,5.4e-07
109,108,5e-07
110,109,5.7e-07
111,110,5.2e-07
112,111,5.2e-07
113,112,5.1e-07
114,113,6.2e-07
115,114,5.5e-07
116,115,6e-07
117,116,5e-07
118,117,5.2e-07
119,118,5.4e-07
120,119,5.8e-07
121,120,5.9e-07
122,121,6.2e-07
123,122,5.5e-07
124,123,6.6e-07
125,124,5.5e-07
126,125,6.8e-07
127,126,6e-07
128,127,6.2e-07
129,128,5.5e-07
130,129,6.3e-07
131,130,5.6e-07
132,131,6.4e-07
133,132,5.9e-07
134,133,6.5e-07
135,134,5.8e-07
136,135,6.7e-07
137,136,5.8e-07
138,137,6.2e-07
139,138,6.4e-07
140,139,6.2e-07
141,140,5.9e-07
142,141,6.4e-07
143,142,5.9e-07
144,143,7.7e-07
145,144,9.8e-07
146,145,8e-07
147,146,8e-07
148,147,6.8e-07
149,148,6.3e-07
150,149,6.5e-07
151,150,6.3e-07
152,151,7e-07
153,152,6.3e-07
154,153,7.1e-07
155,154,6.2e-07
156,155,7e-07
157,156,6.5e-07
158,157,7.2e-07
159,158,6.9e-07
160,159,7.5e-07
161,160,6.5e-07
162,161,7.3e-07
163,162,6.6e-07
164,163,7.1e-07
165,164,6.8e-07
166,165,7.4e-07
167,166,7.2e-07
168,167,7.3e-07
169,168,6.9e-07
170,169,8.5e-07
171,170,7.1e-07
172,171,7.5e-07
173,172,6.1e-07
174,173,7.4e-07
175,174,6.9e-07
176,175,8.4e-07
177,176,7.3e-07
178,177,9.2e-07
179,178,7.2e-07
180,179,8.6e-07
181,180,8.1e-07
182,181,8.6e-07
183,182,7.1e-07
184,183,8.5e-07
185,184,7.4e-07
186,185,7.4e-07
187,186,7.1e-07
188,187,9.3e-07
189,188,7.4e-07
190,189,9e-07
191,190,7.4e-07
192,191,7.7e-07
193,192,7.7e-07
194,193,7.9e-07
195,194,7.5e-07
196,195,8.3e-07
197,196,7.9e-07
198,197,7.9e-07
199,198,7.6e-07
200,199,1.6e-07
201,200,8.4e-07
202,201,7.7e-07
203,202,8.9e-07
204,203,8.3e-07
205,204,8.1e-07
206,205,8.3e-07
207,206,8.7e-07
208,207,7.9e-07
209,208,8.1e-07
210,209,8.3e-07
211,210,8.7e-07
212,211,8.2e-07
213,212,8.6e-07
214,213,7.9e-07
215,214,8.7e-07
216,215,8.3e-07
217,216,8.9e-07
218,217,8.6e-07
219,218,9.6e-07
220,219,8.1e-07
221,220,9.7e-07
222,221,8.6e-07
223,222,8.9e-07
224,223,8.5e-07
225,224,9.3e-07
226,225,8.9e-07
227,226,9e-07
228,227,8.9e-07
229,228,9.1e-07
230,229,8.4e-07
231,230,9.1e-07
232,231,9.3e-07
233,232,8.9e-07
234,233,8.6e-07
235,234,9.1e-07
236,235,9.1e-07
237,236,9.2e-07
238,237,8.5e-07
239,238,1.07e-06
240,239,9.1e-07
241,240,1.02e-06
242,241,9.1e-07
243,242,1.05e-06
244,243,9.9e-07
245,244,9.4e-07
246,245,8.7e-07
247,246,9.3e-07
248,247,1.03e-06
249,248,9.3e-07
250,249,9e-07
251,250,9.4e-07
252,251,9.5e-07
253,252,9.3e-07
254,253,9.5e-07
255,254,1.04e-06
256,255,9.5e-07
257,256,9.9e-07
258,257,9.4e-07
259,258,1e-06
260,259,9.5e-07
261,260,1.11e-06
262,261,9.5e-07
263,262,1.09e-06
264,263,1.02e-06
265,264,1.16e-06
266,265,9.4e-07
267,266,1.02e-06
268,267,1.08e-06
269,268,1.01e-06
270,269,9.6e-07
271,270,1.15e-06
272,271,1.13e-06
273,272,1e-06
274,273,1.01e-06
275,274,1.11e-06
276,275,1.01e-06
277,276,1.04e-06
278,277,9.7e-07
279,278,1.02e-06
280,279,1.03e-06
281,280,1e-06
282,281,1.01e-06
283,282,1.05e-06
284,283,1.05e-06
285,284,1.07e-06
286,285,1.02e-06
287,286,1.09e-06
288,287,1e-06
289,288,1e-06
290,289,1.03e-06
291,290,1.02e-06
292,291,1.03e-06
293,292,1.02e-06
294,293,1.13e-06
295,294,1.03e-06
296,295,1.14e-06
297,296,1.12e-06
298,297,1.02e-06
299,298,1.05e-06
300,299,1.03e-06
301,300,1.09e-06
302,301,1.05e-06
303,302,1.08e-06
304,303,1.06e-06
305,304,1.17e-06
306,305,1.12e-06
307,306,1.2e-06
308,307,1.08e-06
309,308,1.19e-06
310,309,1.16e-06
311,310,1.35e-06
312,311,1.09e-06
313,312,1.21e-06
314,313,1.2e-06
315,314,1.15e-06
316,315,1.13e-06
317,316,1.13e-06
318,317,1.1e-06
319,318,1.16e-06
320,319,1.08e-06
321,320,1.2e-06
322,321,1.22e-06
323,322,1.13e-06
324,323,1.1e-06
325,324,1.11e-06
326,325,1.11e-06
327,326,1.17e-06
328,327,1.24e-06
329,328,1.15e-06
330,329,1.09e-06
331,330,1.16e-06
332,331,1.24e-06
333,332,1.55e-06
334,333,1.25e-06
335,334,1.3e-06
336,335,1.15e-06
337,336,1.18e-06
338,337,1.2e-06
339,338,1.11e-06
340,339,1.16e-06
341,340,1.16e-06
342,341,1.23e-06
343,342,1.34e-06
344,343,1.14e-06
345,344,1.24e-06
346,345,1.08e-06
347,346,1.21e-06
348,347,1.17e-06
349,348,1.19e-06
350,349,1.17e-06
351,350,1.23e-06
352,351,1.18e-06
353,352,1.18e-06
354,353,1.19e-06
355,354,1.26e-06
356,355,1.24e-06
357,356,1.32e-06
358,357,1.27e-06
359,358,1.39e-06
360,359,1.45e-06
361,360,1.4e-06
362,361,1.15e-06
363,362,1.36e-06
364,363,1.23e-06
365,364,1.43e-06
366,365,1.32e-06
367,366,1.41e-06
368,367,1.31e-06
369,368,1.57e-06
370,369,1.25e-06
371,370,1.26e-06
372,371,1.41e-06
373,372,1.29e-06
374,373,1.22e-06
375,374,1.25e-06
376,375,1.26e-06
377,376,1.31e-06
378,377,1.25e-06
379,378,1.27e-06
380,379,1.27e-06
381,380,1.3e-06
382,381,1.29e-06
383,382,1.29e-06
384,383,1.26e-06
385,384,1.31e-06
386,385,1.31e-06
387,386,1.29e-06
388,387,1.31e-06
389,388,1.47e-06
390,389,1.29e-06
391,390,1.33e-06
392,391,1.28e-06
393,392,1.36e-06
394,393,1.28e-06
395,394,1.3e-06
396,395,1.32e-06
397,396,1.43e-06
398,397,1.41e-06
399,398,1.49e-06
400,399,1.41e-06
401,400,1.39e-06
402,401,1.3e-06
403,402,1.37e-06
404,403,1.43e-06
405,404,1.79e-06
406,405,1.2e-06
407,406,1.38e-06
408,407,1.44e-06
409,408,1.51e-06
410,409,1.36e-06
411,410,1.45e-06
412,411,1.36e-06
413,412,1.51e-06
414,413,1.33e-06
415,414,1.55e-06
416,415,1.36e-06
417,416,1.43e-06
418,417,1.42e-06
419,418,1.38e-06
420,419,1.66e-06
421,420,1.61e-06
422,421,1.39e-06
423,422,1.45e-06
424,423,1.38e-06
425,424,1.6e-06
426,425,1.51e-06
427,426,1.4e-06
428,427,1.61e-06
429,428,1.47e-06
430,429,1.4e-06
431,430,1.47e-06
432,431,1.47e-06
433,432,2.06e-06
434,433,2.13e-06
435,434,2.13e-06
436,435,2.09e-06
437,436,2.06e-06
438,437,2.05e-06
439,438,2.03e-06
440,439,2.03e-06
441,440,2.06e-06
442,441,2.06e-06
443,442,2.06e-06
444,443,2.18e-06
445,444,2.1e-06
446,445,2.18e-06
447,446,2.09e-06
448,447,2.01e-06
449,448,2.14e-06
450,449,2.1e-06
451,450,2.05e-06
452,451,2.11e-06
453,452,2.25e-06
454,453,2.23e-06
455,454,2.12e-06
456,455,2.14e-06
457,456,2.1e-06
458,457,2.1e-06
459,458,2.14e-06
460,459,2.15e-06
461,460,1.88e-06
462,461,1.58e-06
463,462,1.62e-06
464,463,1.6e-06
465,464,1.46e-06
466,465,1.53e-06
467,466,1.57e-06
468,467,1.57e-06
469,468,1.73e-06
470,469,1.69e-06
471,470,1.62e-06
472,471,1.58e-06
473,472,1.6e-06
474,473,1.61e-06
475,474,1.59e-06
476,475,1.6e-06
477,476,1.59e-06
478,477,1.57e-06
479,478,1.78e-06
480,479,1.62e-06
481,480,1.58e-06
482,481,1.61e-06
483,482,1.78e-06
484,483,1.84e-06
485,484,1.63e-06
486,485,1.62e-06
487,486,1.76e-06
488,487,1.63e-06
489,488,1.65e-06
490,489,1.67e-06
491,490,1.72e-06
492,491,1.65e-06
493,492,1.77e-06
494,493,1.73e-06
495,494,1.84e-06
496,495,1.61e-06
497,496,1.68e-06
498,497,1.79e-06
499,498,1.95e-06
500,499,1.68e-06
501,500,1.65e-06
502,501,1.66e-06
503,502,1.85e-06
504,503,1.72e-06
505,504,1.72e-06
506,505,1.62e-06
507,506,1.76e-06
508,507,1.82e-06
509,508,1.71e-06
510,509,1.69e-06
511,510,1.94e-06
512,511,1.67e-06
513,512,1.73e-06
514,513,1.71e-06
515,514,1.85e-06
516,515,1.64e-06
517,516,1.83e-06
518,517,1.82e-06
519,518,1.73e-06
520,519,1.8e-06
521,520,1.7e-06
522,521,1.78e-06
523,522,1.76e-06
524,523,1.75e-06
525,524,1.68e-06
526,525,1.96e-06
527,526,1.31e-06
528,527,2.05e-06
529,528,1.79e-06
530,529,1.84e-06
531,530,1.75e-06
532,531,1.76e-06
533,532,1.75e-06
534,533,1.77e-06
535,534,1.72e-06
536,535,1.81e-06
537,536,1.75e-06
538,537,1.84e-06
539,538,1.77e-06
540,539,1.79e-06
541,540,1.94e-06
542,541,1.85e-06
543,542,1.94e-06
544,543,1.77e-06
545,544,1.9e-06
546,545,1.75e-06
547,546,1.81e-06
548,547,1.77e-06
549,548,1.76e-06
550,549,1.76e-06
551,550,1.88e-06
552,551,1.97e-06
553,552,1.95e-06
554,553,1.77e-06
555,554,1.82e-06
556,555,1.83e-06
557,556,1.83e-06
558,557,1.63e-06
559,558,1.9e-06
560,559,1.83e-06
561,560,1.86e-06
562,561,1.82e-06
563,562,1.82e-06
564,563,1.83e-06
565,564,1.83e-06
566,565,1.98e-06
567,566,1.83e-06
568,567,1.87e-06
569,568,1.87e-06
570,569,1.98e-06
571,570,1.83e-06
572,571,1.96e-06
573,572,1.86e-06
574,573,2.04e-06
575,574,1.9e-06
576,575,1.99e-06
577,576,2.14e-06
578,577,2.03e-06
579,578,1.99e-06
580,579,1.87e-06
581,580,1.92e-06
582,581,1.86e-06
583,582,1.87e-06
584,583,1.9e-06
585,584,1.87e-06
586,585,1.84e-06
587,586,1.9e-06
588,587,2.12e-06
589,588,1.96e-06
590,589,1.93e-06
591,590,1.94e-06
592,591,1.93e-06
593,592,1.91e-06
594,593,1.95e-06
595,594,1.94e-06
596,595,1.95e-06
597,596,1.91e-06
598,597,1.97e-06
599,598,2.18e-06
600,599,1.93e-06
601,600,1.92e-06
602,601,1.93e-06
603,602,1.93e-06
604,603,2e-06
605,604,2e-06
606,605,1.93e-06
607,606,1.91e-06
608,607,2e-06
609,608,1.99e-06
610,609,1.97e-06
611,610,2.04e-06
612,611,1.91e-06
613,612,2.32e-06
614,613,2.01e-06
615,614,2.07e-06
616,615,1.94e-06
617,616,1.98e-06
618,617,2.09e-06
619,618,2.12e-06
620,619,1.96e-06
621,620,2.06e-06
622,621,1.97e-06
623,622,1.95e-06
624,623,2.16e-06
625,624,2.02e-06
626,625,1.99e-06
627,626,2.05e-06
628,627,1.97e-06
629,628,2.2e-06
630,629,2e-06
631,630,2.15e-06
632,631,2.05e-06
633,632,2.16e-06
634,633,2.14e-06
635,634,2.01e-06
636,635,2.28e-06
637,636,2.36e-06
638,637,2.21e-06
639,638,2.06e-06
640,639,2.02e-06
641,640,2.14e-06
642,641,2e-06
643,642,3.13e-06
644,643,3e-06
645,644,2.89e-06
646,645,2.83e-06
647,646,3.01e-06
648,647,2.97e-06
649,648,2.87e-06
650,649,2.89e-06
651,650,2.97e-06
652,651,3.13e-06
653,652,2.23e-06
654,653,2.23e-06
655,654,2.1e-06
656,655,2.1e-06
657,656,2.27e-06
658,657,2.11e-06
659,658,2.12e-06
660,659,2.19e-06
661,660,2.08e-06
662,661,2.19e-06
663,662,2.24e-06
664,663,2.2e-06
665,664,2.19e-06
666,665,2.37e-06
667,666,2.1e-06
668,667,2.08e-06
669,668,2.24e-06
670,669,2.22e-06
671,670,2.12e-06
672,671,2.2e-06
673,672,2.29e-06
674,673,2.11e-06
675,674,2.13e-06
676,675,2.16e-06
677,676,2.14e-06
678,677,2.17e-06
679,678,2.13e-06
680,679,2.19e-06
681,680,2.15e-06
682,681,2.12e-06
683,682,2.16e-06
684,683,2.16e-06
685,684,2.19e-06
686,685,2.23e-06
687,686,2.24e-06
688,687,2.32e-06
689,688,2.19e-06
690,689,2.21e-06
691,690,2.28e-06
692,691,2.18e-06
693,692,2.21e-06
694,693,2.31e-06
695,694,2.21e-06
696,695,2.33e-06
697,696,2.16e-06
698,697,2.24e-06
699,698,2.22e-06
700,699,2.24e-06
701,700,2.36e-06
702,701,2.35e-06
703,702,2.22e-06
704,703,2.24e-06
705,704,2.24e-06
706,705,2.26e-06
707,706,2.23e-06
708,707,2.37e-06
709,708,2.18e-06
710,709,2.24e-06
711,710,2.22e-06
712,711,2.35e-06
713,712,2.36e-06
714,713,2.25e-06
715,714,2.34e-06
716,715,2.29e-06
717,716,2.35e-06
718,717,2.28e-06
719,718,2.27e-06
720,719,2.27e-06
721,720,2.26e-06
722,721,2.32e-06
723,722,2.39e-06
724,723,2.29e-06
725,724,2.31e-06
726,725,2.58e-06
727,726,2.39e-06
728,727,2.27e-06
729,728,2.34e-06
730,729,2.33e-06
731,730,2.38e-06
732,731,2.33e-06
733,732,2.3e-06
734,733,2.31e-06
735,734,2.49e-06
736,735,2.43e-06
737,736,2.42e-06
738,737,2.41e-06
739,738,2.31e-06
740,739,2.29e-06
741,740,2.32e-06
742,741,2.39e-06
743,742,2.45e-06
744,743,2.35e-06
745,744,2.29e-06
746,745,2.64e-06
747,746,2.3e-06
748,747,2.35e-06
749,748,2.55e-06
750,749,2.45e-06
751,750,2.33e-06
752,751,2.36e-06
753,752,2.4e-06
754,753,2.38e-06
755,754,2.37e-06
756,755,2.36e-06
757,756,2.37e-06
758,757,2.39e-06
759,758,2.4e-06
760,759,2.41e-06
761,760,2.32e-06
762,761,2.39e-06
763,762,2.45e-06
764,763,2.37e-06
765,764,2.38e-06
766,765,2.42e-06
767,766,2.38e-06
768,767,2.4e-06
769,768,2.4e-06
770,769,2.44e-06
771,770,2.49e-06
772,771,2.44e-06
773,772,2.41e-06
774,773,2.47e-06
775,774,2.4e-06
776,775,2.44e-06
777,776,2.41e-06
778,777,2.45e-06
779,778,2.43e-06
780,779,2.64e-06
781,780,2.45e-06
782,781,2.43e-06
783,782,2.41e-06
784,783,2.44e-06
785,784,2.56e-06
786,785,2.51e-06
787,786,2.48e-06
788,787,2.49e-06
789,788,2.47e-06
790,789,2.49e-06
791,790,2.77e-06
792,791,2.59e-06
793,792,2.45e-06
794,793,2.5e-06
795,794,2.55e-06
796,795,2.48e-06
797,796,2.53e-06
798,797,2.49e-06
799,798,2.47e-06
800,799,2.49e-06
801,800,2.33e-06
802,801,2.52e-06
803,802,2.68e-06
804,803,2.63e-06
805,804,2.48e-06
806,805,2.49e-06
807,806,2.5e-06
808,807,2.52e-06
809,808,2.5e-06
810,809,2.51e-06
811,810,2.49e-06
812,811,2.77e-06
813,812,2.52e-06
814,813,2.73e-06
815,814,2.49e-06
816,815,2.61e-06
817,816,2.56e-06
818,817,2.66e-06
819,818,2.51e-06
820,819,2.54e-06
821,820,2.53e-06
822,821,2.52e-06
823,822,2.57e-06
824,823,2.59e-06
825,824,2.61e-06
826,825,2.61e-06
827,826,2.7e-06
828,827,2.6e-06
829,828,2.48e-06
830,829,2.65e-06
831,830,3.04e-06
832,831,2.54e-06
833,832,2.66e-06
834,833,2.61e-06
835,834,2.71e-06
836,835,2.62e-06
837,836,2.58e-06
838,837,2.58e-06
839,838,2.59e-06
840,839,2.84e-06
841,840,2.61e-06
842,841,2.64e-06
843,842,2.67e-06
844,843,2.64e-06
845,844,2.62e-06
846,845,2.61e-06
847,846,2.69e-06
848,847,2.62e-06
849,848,2.67e-06
850,849,2.73e-06
851,850,2.61e-06
852,851,2.83e-06
853,852,2.64e-06
854,853,2.75e-06
855,854,2.77e-06
856,855,2.64e-06
857,856,2.61e-06
858,857,2.77e-06
859,858,2.66e-06
860,859,2.67e-06
861,860,2.81e-06
862,861,2.74e-06
863,862,2.67e-06
864,863,2.75e-06
865,864,2.67e-06
866,865,2.68e-06
867,866,2.68e-06
868,867,2.79e-06
869,868,2.68e-06
870,869,2.67e-06
871,870,2.81e-06
872,871,2.7e-06
873,872,2.71e-06
874,873,2.86e-06
875,874,2.74e-06
876,875,2.67e-06
877,876,2.8e-06
878,877,2.68e-06
879,878,2.69e-06
880,879,3.11e-06
881,880,3.23e-06
882,881,2.86e-06
883,882,2.7e-06
884,883,2.71e-06
885,884,2.68e-06
886,885,2.81e-06
887,886,2.7e-06
888,887,2.66e-06
889,888,2.73e-06
890,889,2.66e-06
891,890,2.82e-06
892,891,2.94e-06
893,892,2.67e-06
894,893,2.74e-06
895,894,2.77e-06
896,895,2.9e-06
897,896,2.74e-06
898,897,2.74e-06
899,898,2.71e-06
900,899,2.71e-06
901,900,2.95e-06
902,901,2.84e-06
903,902,2.76e-06
904,903,2.73e-06
905,904,2.88e-06
906,905,2.74e-06
907,906,2.73e-06
908,907,2.77e-06
909,908,2.76e-06
910,909,2.78e-06
911,910,2.77e-06
912,911,2.76e-06
913,912,2.78e-06
914,913,2.74e-06
915,914,2.78e-06
916,915,2.93e-06
917,916,3e-06
918,917,2.83e-06
919,918,2.78e-06
920,919,2.76e-06
921,920,2.93e-06
922,921,3.15e-06
923,922,3.03e-06
924,923,3.04e-06
925,924,3.07e-06
926,925,2.82e-06
927,926,2.78e-06
928,927,2.8e-06
929,928,2.89e-06
930,929,2.8e-06
931,930,2.91e-06
932,931,2.96e-06
933,932,2.82e-06
934,933,2.92e-06
935,934,2.93e-06
936,935,2.94e-06
937,936,3.02e-06
938,937,2.85e-06
939,938,2.85e-06
940,939,2.94e-06
941,940,2.87e-06
942,941,2.83e-06
943,942,3e-06
944,943,2.85e-06
945,944,2.96e-06
946,945,2.88e-06
947,946,2.85e-06
948,947,2.88e-06
949,948,2.85e-06
950,949,2.94e-06
951,950,2.93e-06
952,951,2.77e-06
953,952,2.88e-06
954,953,2.87e-06
955,954,2.88e-06
956,955,3e-06
957,956,2.98e-06
958,957,3.02e-06
959,958,2.9e-06
960,959,2.92e-06
961,960,2.9e-06
962,961,3e-06
963,962,2.93e-06
964,963,2.93e-06
965,964,2.97e-06
966,965,3.14e-06
967,966,3e-06
968,967,3.01e-06
969,968,3.07e-06
970,969,2.9e-06
971,970,2.96e-06
972,971,2.83e-06
973,972,3.09e-06
974,973,2.95e-06
975,974,2.96e-06
976,975,2.96e-06
977,976,2.95e-06
978,977,3e-06
979,978,3.1e-06
980,979,3.06e-06
981,980,2.97e-06
982,981,3.34e-06
983,982,2.91e-06
984,983,2.96e-06
985,984,2.98e-06
986,985,2.99e-06
987,986,2.99e-06
988,987,3.02e-06
989,988,3.02e-06
990,989,3.23e-06
991,990,3.14e-06
992,991,2.95e-06
993,992,3.01e-06
994,993,3.13e-06
995,994,3.08e-06
996,995,3.04e-06
997,996,3.03e-06
998,997,3.03e-06
999,998,3.02e-06
1000,999,3.02e-06
1001,1000,3.04e-06
1002,1001,3.03e-06
1003,1002,3.06e-06
1004,1003,3.15e-06
1005,1004,3.14e-06
1006,1005,3.02e-06
1007,1006,3.05e-06
1008,1007,3.04e-06
1009,1008,3.07e-06
1010,1009,3.03e-06
1011,1010,3.06e-06
1012,1011,3.07e-06
1013,1012,3.08e-06
1014,1013,3.04e-06
1015,1014,3.09e-06
1016,1015,3.21e-06
1017,1016,3.1e-06
1018,1017,3.12e-06
1019,1018,3.23e-06
1020,1019,3.11e-06
1021,1020,3.19e-06
1022,1021,3.19e-06
1023,1022,3.21e-06
1024,1023,3.07e-06
1025,1024,3.22e-06
1026,1025,3.09e-06
1027,1026,3.19e-06
1028,1027,3.28e-06
1029,1028,3.12e-06
1030,1029,3.49e-06
1031,1030,3.09e-06
1032,1031,3.12e-06
1033,1032,3.39e-06
1034,1033,3.14e-06
1035,1034,3.13e-06
1036,1035,3.14e-06
1037,1036,3.27e-06
1038,1037,3.37e-06
1039,1038,3.38e-06
1040,1039,3.36e-06
1041,1040,3.39e-06
1042,1041,3.37e-06
1043,1042,3.49e-06
1044,1043,3.49e-06
1045,1044,3.42e-06
1046,1045,3.47e-06
1047,1046,3.14e-06
1048,1047,3.14e-06
1049,1048,3.42e-06
1050,1049,3.16e-06
1051,1050,3.29e-06
1052,1051,3.28e-06
1053,1052,3.3e-06
1054,1053,3.21e-06
1055,1054,3.16e-06
1056,1055,3.16e-06
1057,1056,3.12e-06
1058,1057,3.21e-06
1059,1058,3.22e-06
1060,1059,3.56e-06
1061,1060,3.19e-06
1062,1061,3.19e-06
1063,1062,3.21e-06
1064,1063,3.22e-06
1065,1064,3.2e-06
1066,1065,3.21e-06
1067,1066,3.22e-06
1068,1067,3.19e-06
1069,1068,3.34e-06
1070,1069,3.19e-06
1071,1070,3.29e-06
1072,1071,3.34e-06
1073,1072,3.14e-06
1074,1073,3.19e-06
1075,1074,3.34e-06
1076,1075,3.37e-06
1077,1076,3.44e-06
1078,1077,3.27e-06
1079,1078,3.21e-06
1080,1079,3.24e-06
1081,1080,3.28e-06
1082,1081,3.26e-06
1083,1082,3.23e-06
1084,1083,3.26e-06
1085,1084,3.28e-06
1086,1085,3.27e-06
1087,1086,3.29e-06
1088,1087,3.23e-06
1089,1088,3.37e-06
1090,1089,3.37e-06
1091,1090,3.27e-06
1092,1091,3.48e-06
1093,1092,3.59e-06
1094,1093,3.61e-06
1095,1094,3.39e-06
1096,1095,3.28e-06
1097,1096,3.29e-06
1098,1097,3.27e-06
1099,1098,3.3e-06
1100,1099,3.53e-06
1101,1100,3.28e-06
1102,1101,3.49e-06
1103,1102,3.37e-06
1104,1103,3.29e-06
1105,1104,3.56e-06
1106,1105,3.36e-06
1107,1106,3.33e-06
1108,1107,3.32e-06
1109,1108,3.53e-06
1110,1109,3.35e-06
1111,1110,3.33e-06
1112,1111,3.3e-06
1113,1112,3.4e-06
1114,1113,3.36e-06
1115,1114,3.34e-06
1116,1115,3.34e-06
1117,1116,3.48e-06
1118,1117,3.34e-06
1119,1118,3.47e-06
1120,1119,3.35e-06
1121,1120,3.37e-06
1122,1121,3.52e-06
1123,1122,3.5e-06
1124,1123,3.46e-06
1125,1124,3.31e-06
1126,1125,3.47e-06
1127,1126,3.46e-06
1128,1127,3.38e-06
1129,1128,3.46e-06
1130,1129,3.33e-06
1131,1130,3.42e-06
1132,1131,3.55e-06
1133,1132,3.76e-06
1134,1133,3.27e-06
1135,1134,3.51e-06
1136,1135,3.38e-06
1137,1136,3.5e-06
1138,1137,3.4e-06
1139,1138,3.54e-06
1140,1139,3.45e-06
1141,1140,3.51e-06
1142,1141,3.45e-06
1143,1142,3.51e-06
1144,1143,3.81e-06
1145,1144,3.68e-06
1146,1145,3.71e-06
1147,1146,3.59e-06
1148,1147,3.52e-06
1149,1148,3.53e-06
1150,1149,3.62e-06
1151,1150,3.59e-06
1152,1151,3.47e-06
1153,1152,3.51e-06
1154,1153,3.48e-06
1155,1154,3.57e-06
1156,1155,3.59e-06
1157,1156,3.59e-06
1158,1157,3.48e-06
1159,1158,3.52e-06
1160,1159,3.46e-06
1161,1160,3.47e-06
1162,1161,3.55e-06
1163,1162,3.67e-06
1164,1163,3.6e-06
1165,1164,3.49e-06
1166,1165,3.5e-06
1167,1166,3.5e-06
1168,1167,3.48e-06
1169,1168,3.62e-06
1170,1169,3.51e-06
1171,1170,3.55e-06
1172,1171,3.49e-06
1173,1172,3.64e-06
1174,1173,3.54e-06
1175,1174,3.67e-06
1176,1175,3.53e-06
1177,1176,3.51e-06
1178,1177,3.53e-06
1179,1178,3.64e-06
1180,1179,3.57e-06
1181,1180,3.68e-06
1182,1181,3.54e-06
1183,1182,3.68e-06
1184,1183,3.91e-06
1185,1184,3.73e-06
1186,1185,3.82e-06
1187,1186,3.95e-06
1188,1187,4.02e-06
1189,1188,3.66e-06
1190,1189,3.5e-06
1191,1190,3.67e-06
1192,1191,3.61e-06
1193,1192,3.67e-06
1194,1193,3.41e-06
1195,1194,3.96e-06
1196,1195,3.51e-06
1197,1196,3.59e-06
1198,1197,3.62e-06
1199,1198,3.72e-06
1200,1199,3.52e-06
1201,1200,3.64e-06
1202,1201,3.58e-06
1203,1202,3.84e-06
1204,1203,3.57e-06
1205,1204,3.64e-06
1206,1205,3.7e-06
1207,1206,3.84e-06
1208,1207,3.57e-06
1209,1208,3.72e-06
1210,1209,3.7e-06
1211,1210,3.6e-06
1212,1211,3.74e-06
1213,1212,3.67e-06
1214,1213,3.64e-06
1215,1214,3.63e-06
1216,1215,3.64e-06
1217,1216,3.75e-06
1218,1217,3.64e-06
1219,1218,3.65e-06
1220,1219,3.62e-06
1221,1220,3.81e-06
1222,1221,3.63e-06
1223,1222,3.64e-06
1224,1223,3.67e-06
1225,1224,3.83e-06
1226,1225,3.63e-06
1227,1226,3.88e-06
1228,1227,3.68e-06
1229,1228,3.68e-06
1230,1229,3.64e-06
1231,1230,3.65e-06
1232,1231,3.67e-06
1233,1232,3.63e-06
1234,1233,3.75e-06
1235,1234,3.68e-06
1236,1235,3.64e-06
1237,1236,3.79e-06
1238,1237,3.66e-06
1239,1238,3.65e-06
1240,1239,3.69e-06
1241,1240,4e-06
1242,1241,3.97e-06
1243,1242,3.99e-06
1244,1243,4.13e-06
1245,1244,3.81e-06
1246,1245,3.77e-06
1247,1246,3.83e-06
1248,1247,3.91e-06
1249,1248,3.8e-06
1250,1249,3.98e-06
1251,1250,3.75e-06
1252,1251,3.78e-06
1253,1252,4.05e-06
1254,1253,4.23e-06
1255,1254,3.64e-06
1256,1255,3.69e-06
1257,1256,4.31e-06
1258,1257,3.72e-06
1259,1258,4.75e-06
1260,1259,3.77e-06
1261,1260,3.75e-06
1262,1261,3.81e-06
1263,1262,3.8e-06
1264,1263,3.76e-06
1265,1264,3.86e-06
1266,1265,3.9e-06
1267,1266,4.18e-06
1268,1267,3.78e-06
1269,1268,4.1e-06
1270,1269,3.82e-06
1271,1270,3.83e-06
1272,1271,3.97e-06
1273,1272,3.92e-06
1274,1273,3.87e-06
1275,1274,3.96e-06
1276,1275,3.89e-06
1277,1276,3.89e-06
1278,1277,3.8e-06
1279,1278,4.06e-06
1280,1279,3.89e-06
1281,1280,3.81e-06
1282,1281,3.81e-06
1283,1282,3.89e-06
1284,1283,3.82e-06
1285,1284,4.16e-06
1286,1285,3.86e-06
1287,1286,3.81e-06
1288,1287,3.81e-06
1289,1288,3.83e-06
1290,1289,3.88e-06
1291,1290,3.88e-06
1292,1291,4.03e-06
1293,1292,3.96e-06
1294,1293,3.89e-06
1295,1294,3.79e-06
1296,1295,3.83e-06
1297,1296,3.84e-06
1298,1297,3.84e-06
1299,1298,3.85e-06
1300,1299,3.91e-06
1301,1300,3.95e-06
1302,1301,3.96e-06
1303,1302,3.87e-06
1304,1303,3.87e-06
1305,1304,4.05e-06
1306,1305,3.89e-06
1307,1306,3.85e-06
1308,1307,3.92e-06
1309,1308,3.97e-06
1310,1309,4e-06
1311,1310,5.13e-06
1312,1311,3.99e-06
1313,1312,4.09e-06
1314,1313,3.94e-06
1315,1314,3.93e-06
1316,1315,3.87e-06
1317,1316,4.04e-06
1318,1317,4.04e-06
1319,1318,3.95e-06
1320,1319,3.9e-06
1321,1320,3.91e-06
1322,1321,4.31e-06
1323,1322,4.14e-06
1324,1323,3.89e-06
1325,1324,4.02e-06
1326,1325,4.35e-06
1327,1326,4.29e-06
1328,1327,4e-06
1329,1328,3.93e-06
1330,1329,3.9e-06
1331,1330,3.93e-06
1332,1331,3.98e-06
1333,1332,4.03e-06
1334,1333,3.98e-06
1335,1334,4e-06
1336,1335,3.93e-06
1337,1336,3.96e-06
1338,1337,3.94e-06
1339,1338,4e-06
1340,1339,3.95e-06
1341,1340,4.02e-06
1342,1341,3.96e-06
1343,1342,4.16e-06
1344,1343,4.08e-06
1345,1344,3.98e-06
1346,1345,4.01e-06
1347,1346,4.02e-06
1348,1347,3.97e-06
1349,1348,3.98e-06
1350,1349,4.12e-06
1351,1350,3.97e-06
1352,1351,4.18e-06
1353,1352,4.08e-06
1354,1353,4.3e-06
1355,1354,4.19e-06
1356,1355,4.01e-06
1357,1356,4.28e-06
1358,1357,3.98e-06
1359,1358,4.03e-06
1360,1359,4.25e-06
1361,1360,4.09e-06
1362,1361,4.29e-06
1363,1362,4.01e-06
1364,1363,4.11e-06
1365,1364,4.03e-06
1366,1365,4.15e-06
1367,1366,4.18e-06
1368,1367,4.51e-06
1369,1368,4.04e-06
1370,1369,4.05e-06
1371,1370,4.16e-06
1372,1371,4.26e-06
1373,1372,4.05e-06
1374,1373,4.16e-06
1375,1374,4.47e-06
1376,1375,3.96e-06
1377,1376,4.1e-06
1378,1377,4.28e-06
1379,1378,4.08e-06
1380,1379,4.2e-06
1381,1380,4.16e-06
1382,1381,4.1e-06
1383,1382,4.27e-06
1384,1383,4.18e-06
1385,1384,4.13e-06
1386,1385,4.32e-06
1387,1386,4.12e-06
1388,1387,4.23e-06
1389,1388,4.33e-06
1390,1389,4.24e-06
1391,1390,4.12e-06
1392,1391,4.23e-06
1393,1392,4.31e-06
1394,1393,5.63e-06
1395,1394,4.17e-06
1396,1395,4.36e-06
1397,1396,4.2e-06
1398,1397,4.24e-06
1399,1398,4.13e-06
1400,1399,4.26e-06
1401,1400,4.14e-06
1402,1401,4.44e-06
1403,1402,4.18e-06
1404,1403,4.25e-06
1405,1404,4.19e-06
1406,1405,4.15e-06
1407,1406,4.15e-06
1408,1407,4.31e-06
1409,1408,4.24e-06
1410,1409,5.92e-06
1411,1410,5.93e-06
1412,1411,4.18e-06
1413,1412,4.36e-06
1414,1413,4.21e-06
1415,1414,4.22e-06
1416,1415,4.13e-06
1417,1416,4.17e-06
1418,1417,4.18e-06
1419,1418,4.21e-06
1420,1419,4.18e-06
1421,1420,4.58e-06
1422,1421,4.3e-06
1423,1422,4.21e-06
1424,1423,4.24e-06
1425,1424,4.22e-06
1426,1425,4.34e-06
1427,1426,4.23e-06
1428,1427,4.24e-06
1429,1428,4.44e-06
1430,1429,4.23e-06
1431,1430,4.39e-06
1432,1431,4.34e-06
1433,1432,4.29e-06
1434,1433,4.27e-06
1435,1434,4.22e-06
1436,1435,4.2e-06
1437,1436,4.21e-06
1438,1437,4.48e-06
1439,1438,4.3e-06
1440,1439,4.24e-06
1441,1440,4.41e-06
1442,1441,4.3e-06
1443,1442,4.52e-06
1444,1443,4.29e-06
1445,1444,4.26e-06
1446,1445,4.36e-06
1447,1446,4.26e-06
1448,1447,4.29e-06
1449,1448,4.31e-06
1450,1449,4.3e-06
1451,1450,4.31e-06
1452,1451,4.36e-06
1453,1452,4.3e-06
1454,1453,4.43e-06
1455,1454,4.46e-06
1456,1455,4.27e-06
1457,1456,4.23e-06
1458,1457,4.43e-06
1459,1458,4.44e-06
1460,1459,4.34e-06
1461,1460,4.67e-06
1462,1461,4.49e-06
1463,1462,4.34e-06
1464,1463,4.36e-06
1465,1464,4.31e-06
1466,1465,4.5e-06
1467,1466,4.38e-06
1468,1467,4.28e-06
1469,1468,4.36e-06
1470,1469,4.95e-06
1471,1470,4.84e-06
1472,1471,4.44e-06
1473,1472,4.41e-06
1474,1473,4.3e-06
1475,1474,4.44e-06
1476,1475,4.47e-06
1477,1476,4.32e-06
1478,1477,4.35e-06
1479,1478,4.74e-06
1480,1479,4.78e-06
1481,1480,4.37e-06
1482,1481,4.34e-06
1483,1482,4.35e-06
1484,1483,4.32e-06
1485,1484,4.33e-06
1486,1485,4.33e-06
1487,1486,4.46e-06
1488,1487,4.4e-06
1489,1488,4.83e-06
1490,1489,4.83e-06
1491,1490,4.33e-06
1492,1491,4.39e-06
1493,1492,4.35e-06
1494,1493,4.42e-06
1495,1494,4.61e-06
1496,1495,4.37e-06
1497,1496,4.29e-06
1498,1497,4.55e-06
1499,1498,4.57e-06
1500,1499,4.61e-06
1501,1500,4.4e-06
1502,1501,4.4e-06
1503,1502,4.41e-06
1504,1503,4.46e-06
1505,1504,4.52e-06
1506,1505,4.4e-06
1507,1506,4.41e-06
1508,1507,4.4e-06
1509,1508,4.54e-06
1510,1509,4.67e-06
1511,1510,4.43e-06
1512,1511,4.41e-06
1513,1512,4.39e-06
1514,1513,4.59e-06
1515,1514,4.75e-06
1516,1515,4.45e-06
1517,1516,4.44e-06
1518,1517,4.56e-06
1519,1518,4.45e-06
1520,1519,4.42e-06
1521,1520,4.45e-06
1522,1521,4.44e-06
1523,1522,4.68e-06
1524,1523,4.62e-06
1525,1524,4.45e-06
1526,1525,4.47e-06
1527,1526,4.48e-06
1528,1527,4.57e-06
1529,1528,4.47e-06
1530,1529,4.59e-06
1531,1530,4.46e-06
1532,1531,4.5e-06
1533,1532,4.56e-06
1534,1533,4.48e-06
1535,1534,4.53e-06
1536,1535,4.48e-06
1537,1536,4.88e-06
1538,1537,4.86e-06
1539,1538,4.56e-06
1540,1539,4.46e-06
1541,1540,4.72e-06
1542,1541,4.69e-06
1543,1542,4.77e-06
1544,1543,4.49e-06
1545,1544,4.51e-06
1546,1545,5.03e-06
1547,1546,5.3e-06
1548,1547,4.57e-06
1549,1548,4.57e-06
1550,1549,4.53e-06
1551,1550,4.61e-06
1552,1551,4.64e-06
1553,1552,4.79e-06
1554,1553,4.51e-06
1555,1554,4.6e-06
1556,1555,4.58e-06
1557,1556,4.58e-06
1558,1557,4.47e-06
1559,1558,4.53e-06
1560,1559,4.59e-06
1561,1560,4.57e-06
1562,1561,4.72e-06
1563,1562,4.61e-06
1564,1563,4.56e-06
1565,1564,4.71e-06
1566,1565,5.02e-06
1567,1566,4.91e-06
1568,1567,4.78e-06
1569,1568,4.56e-06
1570,1569,4.6e-06
1571,1570,4.72e-06
1572,1571,4.62e-06
1573,1572,4.58e-06
1574,1573,4.63e-06
1575,1574,4.69e-06
1576,1575,4.61e-06
1577,1576,4.65e-06
1578,1577,4.86e-06
1579,1578,4.74e-06
1580,1579,4.6e-06
1581,1580,4.59e-06
1582,1581,4.77e-06
1583,1582,4.79e-06
1584,1583,5.3e-06
1585,1584,5.18e-06
1586,1585,4.65e-06
1587,1586,4.64e-06
1588,1587,4.63e-06
1589,1588,4.78e-06
1590,1589,4.66e-06
1591,1590,4.81e-06
1592,1591,4.94e-06
1593,1592,4.66e-06
1594,1593,4.7e-06
1595,1594,4.8e-06
1596,1595,4.66e-06
1597,1596,4.67e-06
1598,1597,4.72e-06
1599,1598,4.72e-06
1600,1599,4.7e-06
1601,1600,4.69e-06
1602,1601,4.7e-06
1603,1602,4.69e-06
1604,1603,4.66e-06
1605,1604,4.68e-06
1606,1605,4.67e-06
1607,1606,4.68e-06
1608,1607,4.68e-06
1609,1608,4.75e-06
1610,1609,4.68e-06
1611,1610,4.71e-06
1612,1611,4.83e-06
1613,1612,4.87e-06
1614,1613,4.82e-06
1615,1614,4.93e-06
1616,1615,4.73e-06
1617,1616,4.7e-06
1618,1617,5.37e-06
1619,1618,5.72e-06
1620,1619,5.13e-06
1621,1620,4.61e-06
1622,1621,4.7e-06
1623,1622,4.96e-06
1624,1623,4.78e-06
1625,1624,4.72e-06
1626,1625,4.81e-06
1627,1626,4.73e-06
1628,1627,4.7e-06
1629,1628,4.86e-06
1630,1629,4.72e-06
1631,1630,4.72e-06
1632,1631,4.73e-06
1633,1632,4.78e-06
1634,1633,4.76e-06
1635,1634,4.84e-06
1636,1635,4.9e-06
1637,1636,4.88e-06
1638,1637,5.02e-06
1639,1638,5.25e-06
1640,1639,4.74e-06
1641,1640,4.8e-06
1642,1641,4.78e-06
1643,1642,4.8e-06
1644,1643,4.82e-06
1645,1644,4.79e-06
1646,1645,4.8e-06
1647,1646,4.93e-06
1648,1647,4.88e-06
1649,1648,4.82e-06
1650,1649,5.01e-06
1651,1650,4.81e-06
1652,1651,4.74e-06
1653,1652,5.09e-06
1654,1653,5.03e-06
1655,1654,5.02e-06
1656,1655,4.93e-06
1657,1656,4.95e-06
1658,1657,4.92e-06
1659,1658,4.8e-06
1660,1659,4.92e-06
1661,1660,4.84e-06
1662,1661,5.03e-06
1663,1662,5.04e-06
1664,1663,4.82e-06
1665,1664,4.85e-06
1666,1665,4.82e-06
1667,1666,4.84e-06
1668,1667,5.07e-06
1669,1668,4.9e-06
1670,1669,5.01e-06
1671,1670,4.84e-06
1672,1671,4.86e-06
1673,1672,5.09e-06
1674,1673,4.86e-06
1675,1674,4.87e-06
1676,1675,5.1e-06
1677,1676,5.01e-06
1678,1677,5.01e-06
1679,1678,4.92e-06
1680,1679,5.05e-06
1681,1680,5.01e-06
1682,1681,5.15e-06
1683,1682,4.88e-06
1684,1683,4.92e-06
1685,1684,4.85e-06
1686,1685,4.93e-06
1687,1686,4.92e-06
1688,1687,6.05e-06
1689,1688,5.03e-06
1690,1689,4.93e-06
1691,1690,5.01e-06
1692,1691,4.96e-06
1693,1692,4.94e-06
1694,1693,5.12e-06
1695,1694,4.99e-06
1696,1695,4.97e-06
1697,1696,4.91e-06
1698,1697,5.24e-06
1699,1698,4.97e-06
1700,1699,5.06e-06
1701,1700,4.97e-06
1702,1701,5.07e-06
1703,1702,5.1e-06
1704,1703,4.99e-06
1705,1704,4.96e-06
1706,1705,4.98e-06
1707,1706,4.92e-06
1708,1707,5.26e-06
1709,1708,5.45e-06
1710,1709,5.44e-06
1711,1710,5e-06
1712,1711,5.12e-06
1713,1712,4.98e-06
1714,1713,5.02e-06
1715,1714,5.01e-06
1716,1715,5.26e-06
1717,1716,5.04e-06
1718,1717,4.99e-06
1719,1718,5.15e-06
1720,1719,5e-06
1721,1720,5.13e-06
1722,1721,5.09e-06
1723,1722,5.04e-06
1724,1723,5.02e-06
1725,1724,5.16e-06
1726,1725,5e-06
1727,1726,5.2e-06
1728,1727,5.07e-06
1729,1728,5.15e-06
1730,1729,5.06e-06
1731,1730,5.09e-06
1732,1731,5.06e-06
1733,1732,5.07e-06
1734,1733,4.96e-06
1735,1734,5.17e-06
1736,1735,5.02e-06
1737,1736,5.13e-06
1738,1737,5.12e-06
1739,1738,5.12e-06
1740,1739,5.03e-06
1741,1740,5.16e-06
1742,1741,5.08e-06
1743,1742,5.19e-06
1744,1743,5.05e-06
1745,1744,5.2e-06
1746,1745,5.08e-06
1747,1746,5.21e-06
1748,1747,5.18e-06
1749,1748,5.2e-06
1750,1749,5.05e-06
1751,1750,5.18e-06
1752,1751,5.33e-06
1753,1752,5.21e-06
1754,1753,5.22e-06
1755,1754,6.42e-06
1756,1755,5.36e-06
1757,1756,5.14e-06
1758,1757,5.13e-06
1759,1758,5.2e-06
1760,1759,5.19e-06
1761,1760,5.52e-06
1762,1761,5.1e-06
1763,1762,5.2e-06
1764,1763,5.38e-06
1765,1764,5.17e-06
1766,1765,5.25e-06
1767,1766,5.37e-06
1768,1767,5.24e-06
1769,1768,5.24e-06
1770,1769,5.26e-06
1771,1770,5.29e-06
1772,1771,5.26e-06
1773,1772,5.35e-06
1774,1773,5.38e-06
1775,1774,5.25e-06
1776,1775,5.59e-06
1777,1776,5.41e-06
1778,1777,5.18e-06
1779,1778,5.11e-06
1780,1779,5.28e-06
1781,1780,5.4e-06
1782,1781,5.28e-06
1783,1782,5.25e-06
1784,1783,5.43e-06
1785,1784,5.26e-06
1786,1785,5.24e-06
1787,1786,5.27e-06
1788,1787,5.26e-06
1789,1788,5.32e-06
1790,1789,5.18e-06
1791,1790,5.22e-06
1792,1791,5.21e-06
1793,1792,5.35e-06
1794,1793,5.23e-06
1795,1794,5.22e-06
1796,1795,5.25e-06
1797,1796,5.31e-06
1798,1797,5.34e-06
1799,1798,5.3e-06
1800,1799,5.43e-06
1801,1800,5.34e-06
1802,1801,5.61e-06
1803,1802,5.14e-06
1804,1803,5.24e-06
1805,1804,5.31e-06
1806,1805,5.28e-06
1807,1806,5.22e-06
1808,1807,5.23e-06
1809,1808,5.32e-06
1810,1809,5.3e-06
1811,1810,5.35e-06
1812,1811,5.39e-06
1813,1812,5.52e-06
1814,1813,5.29e-06
1815,1814,5.26e-06
1816,1815,5.41e-06
1817,1816,5.27e-06
1818,1817,5.54e-06
1819,1818,6.48e-06
1820,1819,5.59e-06
1821,1820,5.29e-06
1822,1821,5.26e-06
1823,1822,5.29e-06
1824,1823,5.53e-06
1825,1824,5.79e-06
1826,1825,5.53e-06
1827,1826,5.29e-06
1828,1827,5.27e-06
1829,1828,5.31e-06
1830,1829,5.31e-06
1831,1830,5.37e-06
1832,1831,5.65e-06
1833,1832,5.28e-06
1834,1833,5.48e-06
1835,1834,5.44e-06
1836,1835,5.42e-06
1837,1836,5.33e-06
1838,1837,5.29e-06
1839,1838,5.37e-06
1840,1839,5.43e-06
1841,1840,5.84e-06
1842,1841,5.48e-06
1843,1842,5.37e-06
1844,1843,5.42e-06
1845,1844,5.36e-06
1846,1845,5.46e-06
1847,1846,5.34e-06
1848,1847,5.38e-06
1849,1848,5.49e-06
1850,1849,5.52e-06
1851,1850,5.6e-06
1852,1851,5.34e-06
1853,1852,5.4e-06
1854,1853,5.38e-06
1855,1854,5.34e-06
1856,1855,5.51e-06
1857,1856,5.39e-06
1858,1857,5.94e-06
1859,1858,5.56e-06
1860,1859,6.33e-06
1861,1860,5.74e-06
1862,1861,5.57e-06
1863,1862,5.47e-06
1864,1863,5.48e-06
1865,1864,5.64e-06
1866,1865,5.43e-06
1867,1866,5.4e-06
1868,1867,5.46e-06
1869,1868,5.45e-06
1870,1869,5.44e-06
1871,1870,5.83e-06
1872,1871,5.49e-06
1873,1872,5.58e-06
1874,1873,5.64e-06
1875,1874,5.53e-06
1876,1875,5.49e-06
1877,1876,5.45e-06
1878,1877,6.02e-06
1879,1878,5.97e-06
1880,1879,5.77e-06
1881,1880,5.87e-06
1882,1881,5.48e-06
1883,1882,5.58e-06
1884,1883,5.51e-06
1885,1884,5.54e-06
1886,1885,5.52e-06
1887,1886,5.5e-06
1888,1887,5.65e-06
1889,1888,5.63e-06
1890,1889,5.49e-06
1891,1890,5.59e-06
1892,1891,5.51e-06
1893,1892,5.63e-06
1894,1893,5.87e-06
1895,1894,5.45e-06
1896,1895,5.56e-06
1897,1896,5.51e-06
1898,1897,5.56e-06
1899,1898,5.54e-06
1900,1899,5.52e-06
1901,1900,5.53e-06
1902,1901,5.56e-06
1903,1902,6.09e-06
1904,1903,5.7e-06
1905,1904,5.78e-06
1906,1905,5.52e-06
1907,1906,5.53e-06
1908,1907,5.74e-06
1909,1908,5.58e-06
1910,1909,5.93e-06
1911,1910,6.11e-06
1912,1911,6.06e-06
1913,1912,5.56e-06
1914,1913,5.74e-06
1915,1914,5.59e-06
1916,1915,5.62e-06
1917,1916,5.61e-06
1918,1917,5.56e-06
1919,1918,5.7e-06
1920,1919,5.67e-06
1921,1920,6.14e-06
1922,1921,6.11e-06
1923,1922,5.59e-06
1924,1923,5.34e-06
1925,1924,5.25e-06
1926,1925,5.61e-06
1927,1926,5.64e-06
1928,1927,5.64e-06
1929,1928,5.61e-06
1930,1929,5.71e-06
1931,1930,5.88e-06
1932,1931,5.89e-06
1933,1932,5.66e-06
1934,1933,6.09e-06
1935,1934,5.65e-06
1936,1935,5.61e-06
1937,1936,5.74e-06
1938,1937,5.73e-06
1939,1938,5.75e-06
1940,1939,5.6e-06
1941,1940,6.9e-06
1942,1941,5.64e-06
1943,1942,5.56e-06
1944,1943,5.75e-06
1945,1944,5.8e-06
1946,1945,5.78e-06
1947,1946,5.67e-06
1948,1947,5.65e-06
1949,1948,6.15e-06
1950,1949,5.86e-06
1951,1950,5.64e-06
1952,1951,5.78e-06
1953,1952,5.69e-06
1954,1953,5.63e-06
1955,1954,5.68e-06
1956,1955,5.63e-06
1957,1956,5.99e-06
1958,1957,5.78e-06
1959,1958,5.94e-06
1960,1959,5.69e-06
1961,1960,5.68e-06
1962,1961,5.77e-06
1963,1962,6.04e-06
1964,1963,5.95e-06
1965,1964,5.73e-06
1966,1965,5.77e-06
1967,1966,5.81e-06
1968,1967,5.89e-06
1969,1968,5.81e-06
1970,1969,6.09e-06
1971,1970,5.8e-06
1972,1971,5.95e-06
1973,1972,5.78e-06
1974,1973,6.22e-06
1975,1974,6.27e-06
1976,1975,5.77e-06
1977,1976,5.88e-06
1978,1977,5.82e-06
1979,1978,5.69e-06
1980,1979,5.89e-06
1981,1980,5.8e-06
1982,1981,6.25e-06
1983,1982,5.88e-06
1984,1983,6.03e-06
1985,1984,6.05e-06
1986,1985,5.67e-06
1987,1986,5.89e-06
1988,1987,5.78e-06
1989,1988,5.89e-06
1990,1989,5.8e-06
1991,1990,5.71e-06
1992,1991,5.89e-06
1993,1992,5.91e-06
1994,1993,5.98e-06
1995,1994,5.75e-06
1996,1995,5.85e-06
1997,1996,6.01e-06
1998,1997,5.98e-06
1999,1998,6.95e-06
